,-1	0.0	94.1	95.25
0,-1	0.5030018101248046	94.05	95.25
1,-1	0.5254779649629008	94.35	95.25
2,-1	0.4860778744683535	94.35	95.25
3,-1	0.4860778744683535	94.68	95.25
4,-1	0.5047102681326429	94.68	95.25
5,-1	0.5205532205497397	94.63	95.0
6,-1	0.5539059712617996	94.06	94.25
7,-1	0.5746964647511577	93.62	94.0
8,-1	0.5645529739971181	93.05	94.0
9,-1	0.5062919979931115	93.79	94.99
10,-1	0.5572331306722565	93.42	93.5
11,-1	0.562180832330632	92.5	93.0
12,-1	0.5890570297998851	92.55	92.62
13,-1	0.6223315383674991	91.56	93.0
14,-1	0.6214961511181833	92.11	93.0
15,-1	0.5449211473762661	92.04	92.98
16,-1	0.5449211473762661	92.05	92.98
17,-1	0.5519371686518706	92.3	92.98
18,-1	0.5893838004595335	91.57	92.23
19,-1	0.6716328511243418	91.06	92.28
20,-1	0.6743527898635173	90.4	91.0
21,-1	0.6203844162615383	91.05	91.7
22,-1	0.39980765313730215	91.62	94.0
23,-1	0.3933185159144136	94.0	94.77
24,-1	0.4013274675871508	94.0	94.06
25,-1	0.34219062565223374	94.55	95.99
26,-1	0.367595346699831	94.0	94.84
27,-1	0.47916675791374713	92.15	93.49
28,-1	0.616807627201232	91.44	91.48
29,-1	0.6080799985052521	90.57	91.5
30,-1	0.7556821300518978	88.25	89.49
31,-1	0.6901313536689526	90.0	91.49
32,-1	0.6369392146747314	90.25	90.92
33,-1	0.5742550859943221	91.0	91.49
34,-1	0.612886251550575	91.0	91.3
35,-1	0.5973769156632768	91.0	91.3
36,-1	0.5972417790558503	91.0	91.47
37,-1	0.5301453300597229	91.47	92.0
38,-1	0.5280670842271712	91.83	92.0
39,-1	0.5280015058339522	91.5	91.95
40,-1	0.6747254055241358	90.05	90.25
41,-1	0.6558020482390018	90.15	91.85
42,-1	0.5873107905246037	90.38	92.0
43,-1	0.5873107905246037	90.38	92.0
44,-1	0.5305951898834153	90.51	92.0
45,-1	0.5146918001218133	91.0	91.99
46,-1	0.5232574527563677	91.0	91.99
47,-1	0.5927636248795216	90.3	92.0
48,-1	0.5927636248795216	90.3	91.6
49,-1	0.5927636248795216	90.5	90.99
50,-1	0.5925332347553971	91.0	91.74
51,-1	0.5758337411631275	91.0	91.74
52,-1	0.5332958717525034	91.5	91.99
53,-1	0.5145629167498813	91.72	91.99
54,-1	0.5145629167498813	91.5	91.99
55,-1	0.5144463623470537	91.5	91.99
56,-1	0.5142508584263361	91.5	91.99
57,-1	0.5140913664895341	91.75	91.99
58,-1	0.5139304670945473	91.75	91.99
59,-1	0.5139304670945473	91.75	91.99
60,-1	0.5138370035781432	91.75	91.99
61,-1	0.513793373842143	91.75	91.99
62,-1	0.4746772038662436	91.99	92.5
63,-1	0.47476409117652596	92.1	92.5
64,-1	0.475271124638956	92.11	92.5
65,-1	0.4761933937537404	92.3	92.5
66,-1	0.4831717722026146	91.5	92.5
67,-1	0.5125920580958172	91.5	92.5
68,-1	0.47592198330481467	92.2	92.5
69,-1	0.483739125638349	92.33	92.5
70,-1	0.379522053668725	92.34	93.97
71,-1	0.3720944218273859	92.84	93.95
72,-1	0.3723005487851463	92.92	93.97
73,-1	0.3783392029456485	93.1	93.8
74,-1	0.4855870369822264	92.0	93.8
75,-1	0.4794394965243947	92.2	92.5
76,-1	0.48029499407480236	92.2	92.5
77,-1	0.4856976484975973	92.2	92.5
78,-1	0.4780082751286928	92.2	92.5
79,-1	0.47801070380099814	92.2	92.5
80,-1	0.4780296950153318	92.28	92.5
81,-1	0.4788085827120817	92.28	92.5
82,-1	0.4803662255552656	92.2	92.49
83,-1	0.478260443231598	92.75	93.8
84,-1	0.45543953845849994	92.8	93.7
85,-1	0.45556594530771405	92.8	93.0
86,-1	0.4031074855421943	93.5	93.8
87,-1	0.4034891500355896	92.8	93.8
88,-1	0.4111022745300749	92.8	93.45
89,-1	0.4156713641750468	92.91	93.79
90,-1	0.4038030632516949	93.5	93.79
91,-1	0.4421552007651331	93.0	93.45
92,-1	0.42399097786992773	93.22	93.79
93,-1	0.42399097786992773	93.22	93.79
94,-1	0.42569264186819755	93.22	93.49
95,-1	0.40473003167554344	93.22	93.79
96,-1	0.36969182135072565	93.75	93.97
97,-1	0.3777965824306042	93.03	94.8
98,-1	0.37037550540312664	93.65	94.9
99,-1	0.3707125751001266	93.86	94.47
100,-1	0.3480106228805342	94.1	94.35
101,-1	0.2971568062473026	94.51	95.02
102,-1	0.2895142115887067	95.15	95.8
103,-1	0.2906580663663382	95.15	95.5
104,-1	0.28018228295461434	95.3	95.8
105,-1	0.26644570426943687	95.5	95.8
106,-1	0.2318162755897924	95.5	96.0
107,-1	0.19628865360844078	96.52	96.99
108,-1	0.10298330423362295	98.0	98.8
109,-1	0.11435527602568772	98.01	99.0
110,-1	0.05787576290545754	98.0	99.0
111,-1	0.07985919331248187	99.0	99.8
112,-1	0.08145106551503015	98.41	98.99
113,-1	0.11584211790610444	98.2	98.7
114,-1	0.15527726774862177	97.63	98.2
115,-1	0.21222931248470228	97.26	98.9
116,-1	0.1376401469164048	97.37	98.5
117,-1	0.1296500575047095	97.04	98.42
118,-1	0.22349390807738986	97.23	98.4
119,-1	0.1420099414565838	97.26	98.4
120,-1	0.16974327159275182	97.51	98.29
121,-1	0.16974327159275182	97.55	98.68
122,-1	0.16974327159275182	97.83	98.68
123,-1	0.11919567684842107	98.54	98.8
124,-1	0.10565655363050215	98.99	99.0
125,-1	0.11111715216618744	97.85	98.99
126,-1	0.11111715216618744	98.01	98.99
127,-1	0.1579416633368671	98.01	98.99
128,-1	0.14456120039554834	98.01	98.99
129,-1	0.17872767107652723	98.0	98.5
130,-1	0.22434026441156907	97.26	98.0
131,-1	0.18563912237698207	97.0	98.0
132,-1	0.25210178405393785	97.02	97.5
133,-1	0.23508849760733505	97.0	97.5
134,-1	0.2537830053702279	97.0	97.5
135,-1	0.27717502561570373	96.7	96.8
136,-1	0.255364906206032	96.82	97.5
137,-1	0.24901339580501325	97.09	97.5
138,-1	0.23510855511617298	96.83	97.5
139,-1	0.22190267463274688	96.83	97.08
140,-1	0.22198546805963265	97.17	97.5
141,-1	0.18822210620343352	97.61	98.5
142,-1	0.1281151686184411	98.5	98.95
143,-1	0.15545999886081652	97.5	98.89
144,-1	0.19023663719126915	98.0	98.4
145,-1	0.1909654771570548	98.0	98.4
146,-1	0.16385882158182682	98.01	98.43
147,-1	0.16394936822546055	98.0	98.43
148,-1	0.18843525367712838	98.0	98.43
149,-1	0.16436017839197212	98.0	98.43
150,-1	0.16583998205988157	98.02	98.43
151,-1	0.19246463479343975	98.0	98.5
152,-1	0.16497026516177069	98.0	98.5
153,-1	0.19290558771448654	97.5	98.5
154,-1	0.19327999439522622	97.53	98.4
155,-1	0.2120767686122543	97.5	98.0
156,-1	0.25818853826360516	97.18	97.7
157,-1	0.2518801062457621	97.0	97.7
158,-1	0.2998754900470464	95.8	97.0
159,-1	0.2805767361954707	96.22	96.8
160,-1	0.26786183129701036	96.0	97.0
161,-1	0.28948653696722176	96.3	97.0
162,-1	0.2683722003938559	96.3	97.0
163,-1	0.26928021264735913	96.3	97.0
164,-1	0.26967077022164043	96.31	97.0
165,-1	0.27040963801855583	96.3	97.0
166,-1	0.2702949899535682	96.61	97.0
167,-1	0.22138790876842504	97.0	97.94
168,-1	0.21164657181389607	97.01	98.0
169,-1	0.20061935404570294	97.01	98.0
170,-1	0.20087348929838694	97.01	98.0
171,-1	0.20095741793638033	97.01	98.0
172,-1	0.2011216119931281	97.31	98.0
173,-1	0.20120608721062144	97.54	98.0
174,-1	0.2082794108745785	97.54	97.9
175,-1	0.20905821244624834	97.54	97.9
176,-1	0.23674259829340735	97.0	97.5
177,-1	0.26174349891667975	97.11	97.44
178,-1	0.24133590043330255	97.11	97.44
179,-1	0.24133590043330255	97.11	97.44
180,-1	0.24423515604387958	97.11	97.44
181,-1	0.24234179562386943	97.11	97.44
182,-1	0.27487583220550155	97.01	97.44
183,-1	0.2504754199668347	97.0	97.35
184,-1	0.27493936708001143	97.01	97.4
185,-1	0.27493936708001143	97.07	97.4
186,-1	0.27656864545217785	97.0	97.4
187,-1	0.2645282761210474	97.17	97.4
188,-1	0.2602981671915476	97.23	97.4
189,-1	0.2604345593161214	97.23	97.4
190,-1	0.2642366988342998	97.17	97.4
191,-1	0.2487646280510922	97.17	97.4
192,-1	0.2489034187050063	97.17	97.44
193,-1	0.24646307848201882	97.17	97.44
194,-1	0.24667266797914714	97.17	97.44
195,-1	0.24680871543093466	97.23	97.44
196,-1	0.24758537207657882	97.17	97.44
197,-1	0.26641050457317433	97.17	97.44
198,-1	0.26654249021769116	97.17	97.44
199,-1	0.2822396931091102	97.0	97.35
200,-1	0.26803755924039596	97.0	97.44
201,-1	0.2824802943116231	97.0	97.38
202,-1	0.2848858280973314	97.0	97.39
203,-1	0.2869495125801682	97.0	97.23
204,-1	0.28736136320741873	97.0	97.38
205,-1	0.2668745939562507	97.0	97.39
206,-1	0.2895946681193302	97.0	97.15
207,-1	0.27927831337143894	97.04	97.2
208,-1	0.2907314708125469	97.0	97.2
209,-1	0.2910745737320082	97.0	97.2
210,-1	0.290943204025373	97.0	97.16
211,-1	0.29183336902924567	97.0	97.2
212,-1	0.2863402174792683	97.0	97.2
213,-1	0.2784294603545912	97.01	97.2
214,-1	0.2735632658528739	97.2	97.29
215,-1	0.2948793591934233	97.0	97.28
216,-1	0.29544023189814234	97.0	97.29
217,-1	0.29692202895116826	97.0	97.29
218,-1	0.29265822759615934	97.0	97.29
219,-1	0.27637842984828365	97.03	97.29
220,-1	0.2949863901215127	97.03	97.29
221,-1	0.27686920594951914	97.0	97.29
222,-1	0.2784946800213235	97.0	97.29
223,-1	0.2916407966737672	97.0	97.29
224,-1	0.27760877486844737	97.03	97.29
225,-1	0.2662033615743896	97.08	97.79
226,-1	0.2472973342937941	97.2	97.88
227,-1	0.2662720222070318	97.2	97.45
228,-1	0.3025409565368822	97.12	97.4
229,-1	0.30488734296256953	97.0	97.1
230,-1	0.3055749598270719	97.0	97.1
231,-1	0.3057991471503536	97.0	97.1
232,-1	0.30683295334902366	97.0	97.1
233,-1	0.3148195838352657	97.0	97.1
234,-1	0.2981678313633182	97.31	97.45
235,-1	0.29855270940885065	97.07	97.3
236,-1	0.3154348620852458	97.0	97.1
237,-1	0.33355659535076737	96.1	97.28
238,-1	0.37973037389604497	96.22	96.48
239,-1	0.4557757237800691	95.02	96.98
240,0.0	0.3549205839988733	96.24	96.8
241,0.000641025641025641	0.33129725301864316	96.62	98.45
242,0.001282051282051282	0.27422384480594425	97.8	98.5
243,0.0019230769230769232	0.2260320825618861	97.8	98.99
244,0.002564102564102564	0.2729815358982848	97.8	98.5
245,0.003205128205128205	0.3006280730431525	96.7	97.63
246,0.0038461538461538464	0.33447276119581304	96.7	97.45
247,0.004487179487179487	0.38688431584893074	96.5	96.65
248,0.005128205128205128	0.40116646270299416	96.5	96.51
249,0.0057692307692307696	0.4027791176340766	96.5	96.51
250,0.00641025641025641	0.4223885374209919	96.5	96.51
251,0.007051282051282051	0.5465367289185955	94.5	94.83
252,0.007692307692307693	0.6143857206243579	93.65	93.85
253,0.008333333333333333	0.6834199964665859	92.75	92.89
254,0.008974358974358974	0.7226497807878123	92.35	92.54
255,0.009615384615384616	0.7306449281611167	91.92	92.14
256,0.010256410256410256	0.7828143562523334	91.26	91.67
257,0.010897435897435897	0.7263474531793239	91.51	91.9
258,0.011538461538461539	0.7047495490422316	92.1	92.57
259,0.01217948717948718	0.6938256712693257	92.01	92.26
260,0.01282051282051282	0.645979062505067	92.5	92.79
261,0.013461538461538462	0.7634063499310533	91.19	91.47
262,0.014102564102564103	0.7609258455241895	91.01	91.14
263,0.014743589743589743	0.7143027415777241	91.41	91.81
264,0.015384615384615385	0.6401130143058427	92.06	92.52
265,0.016025641025641024	0.6579805939655502	92.13	92.26
266,0.016666666666666666	0.5861145314737592	92.85	93.44
267,0.01730769230769231	0.5925800701391684	93.05	93.17
268,0.017948717948717947	0.5816577900641839	92.95	93.17
269,0.01858974358974359	0.56756989062906	93.03	93.5
270,0.019230769230769232	0.5709943760758646	93.23	93.49
271,0.01987179487179487	0.5511827968490712	93.32	93.58
272,0.020512820512820513	0.6690177546152511	92.01	92.39
273,0.021153846153846155	0.6781913697069751	91.87	92.2
274,0.021794871794871794	0.7072307961169291	91.48	91.49
275,0.022435897435897436	0.7356738020335298	91.11	91.35
276,0.023076923076923078	0.6829964198122472	91.45	91.74
277,0.023717948717948717	0.6509919948107833	91.72	92.19
278,0.02435897435897436	0.6507847603129434	91.72	92.19
279,0.025	0.6782349492750214	91.75	91.76
280,0.02564102564102564	0.7171783085578733	91.16	91.25
281,0.026282051282051282	0.7025533553320961	91.36	91.62
282,0.026923076923076925	0.700474903222303	91.38	91.51
283,0.027564102564102563	0.6825435165815157	91.44	91.62
284,0.028205128205128206	0.6472454221958726	91.7	91.98
285,0.028846153846153848	0.683093847585823	91.22	91.56
286,0.029487179487179487	0.7197208198863376	91.0	91.01
287,0.03012820512820513	0.7570988552542627	90.5	90.51
288,0.03076923076923077	0.740118062576357	90.59	90.66
289,0.03141025641025641	0.7133032267984954	90.57	90.98
290,0.03205128205128205	0.7484943396862053	90.28	90.6
291,0.032692307692307694	0.7323775349832111	90.56	90.71
292,0.03333333333333333	0.6504935542328604	91.6	91.78
293,0.03397435897435897	0.6671637603556787	91.38	91.72
294,0.03461538461538462	0.7038952127315133	91.0	91.14
295,0.035256410256410256	0.6929180727904505	90.82	91.12
296,0.035897435897435895	0.6594241088118754	91.16	91.59
297,0.03653846153846154	0.6850862091270452	91.0	91.36
298,0.03717948717948718	0.7045252355493576	90.85	91.24
299,0.03782051282051282	0.6812407934866193	91.1	91.24
300,0.038461538461538464	0.662763395686673	91.24	91.65
301,0.0391025641025641	0.7069200277046442	90.81	91.09
302,0.03974358974358974	0.6659120483623711	91.15	91.4
303,0.04038461538461539	0.6634343211401657	91.35	91.5
304,0.041025641025641026	0.6691161499543593	91.24	91.4
305,0.041666666666666664	0.6933904831362703	91.01	91.33
306,0.04230769230769231	0.7033612805291352	90.86	90.87
307,0.04294871794871795	0.6955939482755377	90.9	91.0
308,0.04358974358974359	0.6868997384647598	91.0	91.1
309,0.04423076923076923	0.6645304617479216	91.02	91.63
310,0.04487179487179487	0.6463817528084539	91.02	91.56
311,0.04551282051282051	0.6485336873429919	91.08	91.52
312,0.046153846153846156	0.6648204122607688	91.17	91.36
313,0.046794871794871795	0.6276415504963443	91.54	91.85
314,0.047435897435897434	0.6329446839670543	91.43	91.85
315,0.04807692307692308	0.6760315590863901	91.02	91.32
316,0.04871794871794872	0.6787102399888186	90.87	91.08
317,0.04935897435897436	0.6873566436853467	90.88	91.06
318,0.05	0.649396363476192	91.31	91.56
319,0.05064102564102564	0.6831268594329106	90.87	91.05
320,0.05128205128205128	0.6889651869299473	90.87	91.01
321,0.051923076923076926	0.7272320589944278	90.2	90.5
322,0.052564102564102565	0.6907503754263835	90.62	90.84
323,0.0532051282051282	0.6666232004919777	90.94	91.32
324,0.05384615384615385	0.5615374519890037	92.45	92.79
325,0.05448717948717949	0.5916014605278443	92.05	92.16
326,0.05512820512820513	0.6063313872789208	91.67	92.06
327,0.05576923076923077	0.6117406232536866	91.6	91.96
328,0.05641025641025641	0.6018860322731034	91.66	92.0
329,0.05705128205128205	0.6259980325997659	91.6	91.92
330,0.057692307692307696	0.6340431793891158	91.5	91.56
331,0.058333333333333334	0.6102900695052509	91.79	92.12
332,0.05897435897435897	0.5903408993037281	91.97	92.1
333,0.05961538461538462	0.5820559876889052	92.06	92.14
334,0.06025641025641026	0.5606627944442091	92.2	92.46
335,0.060897435897435896	0.5932457411972707	91.96	92.19
336,0.06153846153846154	0.5855806999215455	92.03	92.11
337,0.06217948717948718	0.5749740209787242	92.14	92.29
338,0.06282051282051282	0.5801437662124879	92.14	92.24
339,0.06346153846153846	0.560011382158552	92.28	92.4
340,0.0641025641025641	0.5147342347566256	92.61	92.97
341,0.06474358974358975	0.5463161424490972	92.56	92.77
342,0.06538461538461539	0.5422664969065971	92.6	92.78
343,0.06602564102564103	0.5360064385095615	92.6	92.77
344,0.06666666666666667	0.5581682739889693	92.34	92.58
345,0.0673076923076923	0.555327599833039	92.37	92.48
346,0.06794871794871794	0.5421560407576936	92.59	92.63
347,0.0685897435897436	0.5432306233411728	92.59	92.6
348,0.06923076923076923	0.5408114473106418	92.55	92.76
349,0.06987179487179487	0.5132195190780052	92.75	92.98
350,0.07051282051282051	0.4975493881249305	92.95	93.22
351,0.07115384615384615	0.5113267437749388	92.8	93.18
352,0.07179487179487179	0.5279429343081751	92.66	92.87
353,0.07243589743589744	0.5166584523733748	92.8	93.0
354,0.07307692307692308	0.5464558392844824	92.53	92.91
355,0.07371794871794872	0.5455487261580416	92.6	92.75
356,0.07435897435897436	0.5414310871248357	92.6	92.87
357,0.075	0.5407189292396185	92.7	92.83
358,0.07564102564102564	0.5268434816467655	92.55	92.79
359,0.07628205128205129	0.564294587171105	92.12	92.24
360,0.07692307692307693	0.5693281737150331	92.17	92.29
361,0.07756410256410257	0.5729660171076119	92.17	92.25
362,0.0782051282051282	0.5719515858972579	92.0	92.27
363,0.07884615384615384	0.60693282569196	91.64	91.84
364,0.07948717948717948	0.6032939322461893	91.73	91.84
365,0.08012820512820513	0.635617056713306	91.37	91.45
366,0.08076923076923077	0.6414536540407367	91.16	91.42
367,0.08141025641025641	0.6788804859170957	90.77	90.88
368,0.08205128205128205	0.6318851149158259	91.07	91.42
369,0.08269230769230769	0.6316515764358888	91.24	91.39
370,0.08333333333333333	0.6400033991774923	91.0	91.45
371,0.08397435897435897	0.6537047951876432	91.0	91.24
372,0.08461538461538462	0.6314031112578329	91.0	91.36
373,0.08525641025641026	0.6462218270160005	91.0	91.18
374,0.0858974358974359	0.6511649208553401	91.1	91.18
375,0.08653846153846154	0.6300667358372007	91.2	91.36
376,0.08717948717948718	0.634629030855582	91.2	91.35
377,0.08782051282051281	0.6500793464328473	91.04	91.12
378,0.08846153846153847	0.6159427870946995	91.28	91.52
379,0.0891025641025641	0.6174705443313677	91.32	91.5
380,0.08974358974358974	0.6156848645492259	91.51	91.71
381,0.09038461538461538	0.6253280648299548	91.3	91.48
382,0.09102564102564102	0.6482266535327998	91.1	91.2
383,0.09166666666666666	0.655011740595263	91.0	91.11
384,0.09230769230769231	0.6484378943419843	91.0	91.1
385,0.09294871794871795	0.6723168717392817	90.77	90.78
386,0.09358974358974359	0.6839915880626756	90.63	90.81
387,0.09423076923076923	0.6825626233831487	90.64	90.79
388,0.09487179487179487	0.6666802807313509	90.7	90.87
389,0.0955128205128205	0.6680577466779885	90.73	90.89
390,0.09615384615384616	0.6903244448542888	90.53	90.79
391,0.0967948717948718	0.6729993991906288	90.61	90.73
392,0.09743589743589744	0.6679195763553069	90.65	90.88
393,0.09807692307692308	0.6693625774190743	90.64	90.87
394,0.09871794871794871	0.6806110961830539	90.51	90.8
395,0.09935897435897435	0.6750743136185221	90.64	90.71
396,0.1	0.6802867066657284	90.52	90.71
397,0.10064102564102564	0.6212520068536623	90.72	91.34
398,0.10128205128205128	0.6648879655327308	90.77	90.96
399,0.10192307692307692	0.6671590669561859	90.61	90.96
400,0.10256410256410256	0.6231794192054991	91.04	91.35
401,0.1032051282051282	0.615620712118942	91.31	91.48
402,0.10384615384615385	0.5990309844259851	91.47	91.71
403,0.10448717948717949	0.6304242716807894	91.17	91.47
404,0.10512820512820513	0.6318541952547277	91.17	91.41
405,0.10576923076923077	0.6291432763584391	91.04	91.21
406,0.1064102564102564	0.6054699324622574	91.27	91.74
407,0.10705128205128205	0.6255365189681041	91.25	91.48
408,0.1076923076923077	0.6204696022938141	91.3	91.47
409,0.10833333333333334	0.5784401149330078	91.68	91.92
410,0.10897435897435898	0.6483720276728321	90.75	91.14
411,0.10961538461538461	0.612590785596137	91.35	91.44
412,0.11025641025641025	0.632092110800462	91.14	91.45
413,0.11089743589743589	0.6303227418196804	91.07	91.21
414,0.11153846153846154	0.6724884125035384	90.6	90.62
415,0.11217948717948718	0.6669162841074656	90.61	91.2
416,0.11282051282051282	0.6320181403898097	90.94	91.28
417,0.11346153846153846	0.6553454817804715	90.81	90.92
418,0.1141025641025641	0.6205926104228412	90.79	91.39
419,0.11474358974358974	0.6169289437969424	91.08	91.28
420,0.11538461538461539	0.6113641663665883	91.23	91.59
421,0.11602564102564103	0.6198269544205067	91.23	91.48
422,0.11666666666666667	0.6363190613248141	90.8	91.03
423,0.11730769230769231	0.6334569324685817	90.81	91.15
424,0.11794871794871795	0.6132339125252679	91.17	91.39
425,0.11858974358974358	0.609451047038884	91.23	91.48
426,0.11923076923076924	0.613637625733184	91.15	91.31
427,0.11987179487179488	0.6119491065055981	91.26	91.43
428,0.12051282051282051	0.5828268764229637	91.46	91.68
429,0.12115384615384615	0.5835917751608358	91.53	91.8
430,0.12179487179487179	0.5750990267326612	91.57	91.78
431,0.12243589743589743	0.5202027068201145	92.28	92.5
432,0.12307692307692308	0.5539105862572838	91.83	92.24
433,0.12371794871794872	0.5362420220178595	91.83	92.28
434,0.12435897435897436	0.5097631569165012	92.32	92.6
435,0.125	0.5174294775567059	92.32	92.59
436,0.12564102564102564	0.5142765074014657	92.32	92.55
437,0.12628205128205128	0.5165192493819315	92.32	92.55
438,0.12692307692307692	0.5125321319298354	92.37	92.57
439,0.12756410256410255	0.4787215615836928	92.52	93.05
440,0.1282051282051282	0.4298001571598173	93.41	93.77
441,0.12884615384615383	0.4535656750279516	93.0	93.68
442,0.1294871794871795	0.49493570926312985	92.8	93.26
443,0.13012820512820514	0.4536978233928746	93.24	93.42
444,0.13076923076923078	0.44209137886298344	93.37	93.62
445,0.13141025641025642	0.4828737550273342	92.96	93.13
446,0.13205128205128205	0.4749857212519442	92.89	93.24
447,0.1326923076923077	0.47157207987650046	93.01	93.21
448,0.13333333333333333	0.44615529913788193	93.18	93.45
449,0.13397435897435897	0.4611807296464126	93.18	93.27
450,0.1346153846153846	0.4657703604352648	93.16	93.36
451,0.13525641025641025	0.4651147070884189	93.13	93.2
452,0.1358974358974359	0.46176867687045975	93.08	93.41
453,0.13653846153846153	0.43532393934652724	93.27	93.66
454,0.1371794871794872	0.44477358852622084	93.3	93.56
455,0.13782051282051283	0.43196382376265474	93.64	93.88
456,0.13846153846153847	0.4257355126438659	93.64	93.77
457,0.1391025641025641	0.4303711430381912	93.52	93.67
458,0.13974358974358975	0.4365925924129198	93.51	93.59
459,0.14038461538461539	0.4686680200289089	93.01	93.36
460,0.14102564102564102	0.44296669740298034	93.5	93.6
461,0.14166666666666666	0.4363133223690105	93.5	93.65
462,0.1423076923076923	0.4580530999351561	93.13	93.5
463,0.14294871794871794	0.46381586999293195	93.13	93.29
464,0.14358974358974358	0.4283458496418404	93.56	93.86
465,0.14423076923076922	0.4262086074610661	93.56	93.79
466,0.14487179487179488	0.36431554346104394	94.25	94.58
467,0.14551282051282052	0.3902308002908864	94.08	94.33
468,0.14615384615384616	0.42714354183448205	93.75	93.97
469,0.1467948717948718	0.4156166627397884	93.81	94.09
470,0.14743589743589744	0.4044104699225991	93.9	94.06
471,0.14807692307692308	0.3719268154093057	94.28	94.51
472,0.14871794871794872	0.4089238267464034	93.79	94.3
473,0.14935897435897436	0.38736372914748884	94.13	94.3
474,0.15	0.3920328480514628	94.17	94.31
475,0.15064102564102563	0.4038749540085829	94.0	94.17
476,0.15128205128205127	0.3946147558058106	94.0	94.21
477,0.1519230769230769	0.39092918625356865	94.06	94.48
478,0.15256410256410258	0.38319345201617	94.2	94.38
479,0.15320512820512822	0.3744599006788549	94.45	94.55
480,0.15384615384615385	0.3785265437699743	94.38	94.52
481,0.1544871794871795	0.39462559677646036	94.06	94.38
482,0.15512820512820513	0.3984284075770057	94.06	94.19
483,0.15576923076923077	0.3845226609354915	94.21	94.38
484,0.1564102564102564	0.3827343035969	94.25	94.41
485,0.15705128205128205	0.38032333350526015	94.31	94.44
486,0.1576923076923077	0.389549590390468	94.28	94.43
487,0.15833333333333333	0.40711022301660654	94.08	94.28
488,0.15897435897435896	0.39169673269578864	94.21	94.3
489,0.1596153846153846	0.39200471815880716	94.23	94.36
490,0.16025641025641027	0.38620524834487735	94.24	94.38
491,0.1608974358974359	0.38331794387931045	94.3	94.46
492,0.16153846153846155	0.4025809562934162	94.15	94.4
493,0.1621794871794872	0.39969471993103545	94.0	94.28
494,0.16282051282051282	0.4617940285862808	93.2	93.43
495,0.16346153846153846	0.4512532602113416	93.42	93.59
496,0.1641025641025641	0.4385671007569714	93.58	93.7
497,0.16474358974358974	0.425717474165857	93.74	93.87
498,0.16538461538461538	0.4281984172136056	93.78	93.9
499,0.16602564102564102	0.45254977398747814	93.5	93.76
500,0.16666666666666666	0.4769885816820525	93.2	93.45
501,0.1673076923076923	0.46209215770021955	93.26	93.47
502,0.16794871794871793	0.4711592115631661	93.25	93.31
503,0.1685897435897436	0.456803969008167	93.46	93.69
504,0.16923076923076924	0.4469852600098542	93.35	93.6
505,0.16987179487179488	0.4270188709346736	93.7	93.93
506,0.17051282051282052	0.4171393093690503	94.0	94.07
507,0.17115384615384616	0.4046827807883429	94.16	94.34
508,0.1717948717948718	0.4071694055662953	94.07	94.15
509,0.17243589743589743	0.41789610091360974	93.99	94.1
510,0.17307692307692307	0.40164786488938925	94.16	94.3
511,0.1737179487179487	0.3847834188547097	94.27	94.51
512,0.17435897435897435	0.3774593469649387	94.42	94.59
513,0.175	0.3673053019684953	94.6	94.72
514,0.17564102564102563	0.39143535051244827	94.27	94.47
515,0.1762820512820513	0.3749904868030534	94.53	94.69
516,0.17692307692307693	0.36139564060341756	94.66	94.9
517,0.17756410256410257	0.39122100824763184	94.35	94.67
518,0.1782051282051282	0.3920823303396575	94.35	94.61
519,0.17884615384615385	0.3929712772043748	94.36	94.56
520,0.1794871794871795	0.38226438907737426	94.44	94.61
521,0.18012820512820513	0.3921342894961761	94.31	94.43
522,0.18076923076923077	0.4121473682709371	93.94	94.2
523,0.1814102564102564	0.43565050965055635	93.79	94.1
524,0.18205128205128204	0.41210380015314824	93.98	94.26
525,0.18269230769230768	0.40242691742056863	94.2	94.29
526,0.18333333333333332	0.39390032851697054	94.25	94.48
527,0.183974358974359	0.3867175841634861	94.44	94.67
528,0.18461538461538463	0.3818936345700681	94.5	94.57
529,0.18525641025641026	0.3865815868102001	94.45	94.5
530,0.1858974358974359	0.3784402506455504	94.48	94.6
531,0.18653846153846154	0.3574772235539754	94.77	94.99
532,0.18717948717948718	0.36821772553976834	94.65	94.77
533,0.18782051282051282	0.369143508270635	94.7	94.77
534,0.18846153846153846	0.36275568634263977	94.78	94.87
535,0.1891025641025641	0.3510581992409163	94.93	95.0
536,0.18974358974358974	0.36529925123366824	94.78	94.97
537,0.19038461538461537	0.3539242464021331	94.78	95.0
538,0.191025641025641	0.3466116129973174	95.0	95.13
539,0.19166666666666668	0.3286170951045707	95.32	95.35
540,0.19230769230769232	0.3483772038590107	95.06	95.31
541,0.19294871794871796	0.33213764597915607	95.06	95.3
542,0.1935897435897436	0.3396812796524504	95.08	95.28
543,0.19423076923076923	0.3455628643287146	95.09	95.27
544,0.19487179487179487	0.333599085952863	95.27	95.36
545,0.1955128205128205	0.3358522739081608	95.2	95.36
546,0.19615384615384615	0.3239176958810212	95.33	95.44
547,0.1967948717948718	0.3134806336484279	95.48	95.57
548,0.19743589743589743	0.29785046208619376	95.64	95.8
549,0.19807692307692307	0.3174213528786793	95.5	95.52
550,0.1987179487179487	0.3311565565585836	95.33	95.42
551,0.19935897435897437	0.3459937270073325	95.14	95.25
552,0.2	0.344652790550849	95.14	95.25
553,0.20064102564102565	0.3286817107992695	95.3	95.47
554,0.2012820512820513	0.31456118297437063	95.39	95.58
555,0.20192307692307693	0.31639030018834174	95.39	95.57
556,0.20256410256410257	0.32494036084674544	95.4	95.55
557,0.2032051282051282	0.3175754638633672	95.44	95.67
558,0.20384615384615384	0.3094020468118657	95.6	95.69
559,0.20448717948717948	0.3125616738856414	95.45	95.63
560,0.20512820512820512	0.30814202114882766	95.62	95.77
561,0.20576923076923076	0.2911141721964712	95.88	95.99
562,0.2064102564102564	0.29804771770096145	95.84	95.98
563,0.20705128205128207	0.29341642513814364	95.75	95.91
564,0.2076923076923077	0.2893820368946313	95.9	95.98
565,0.20833333333333334	0.2995509548682634	95.76	95.9
566,0.20897435897435898	0.33057870986881294	95.38	95.57
567,0.20961538461538462	0.3279364112878828	95.38	95.55
568,0.21025641025641026	0.301730829735656	95.68	95.99
569,0.2108974358974359	0.32159432245278435	95.53	95.7
570,0.21153846153846154	0.3337602328239609	95.38	95.6
571,0.21217948717948718	0.32912555884744327	95.34	95.47
572,0.2128205128205128	0.32495129948473056	95.47	96.0
573,0.21346153846153845	0.3257398901048587	95.5	95.71
574,0.2141025641025641	0.3114708889279112	95.66	95.71
575,0.21474358974358973	0.32693940828622176	95.34	95.49
576,0.2153846153846154	0.3349719747715922	95.2	95.49
577,0.21602564102564104	0.35498048533584725	95.08	95.31
578,0.21666666666666667	0.3587925138434569	95.08	95.2
579,0.2173076923076923	0.3587606847053333	95.0	95.15
580,0.21794871794871795	0.35465586140718697	95.13	95.29
581,0.2185897435897436	0.3578506628488524	95.0	95.12
582,0.21923076923076923	0.3669938626521933	94.75	95.0
583,0.21987179487179487	0.3740242315900806	94.78	95.09
584,0.2205128205128205	0.3594757596053159	94.99	95.19
585,0.22115384615384615	0.35401491100826615	95.1	95.24
586,0.22179487179487178	0.3611617564501508	95.06	95.21
587,0.22243589743589742	0.363351528562038	94.93	95.05
588,0.2230769230769231	0.3792111898301178	94.71	94.99
589,0.22371794871794873	0.38451986498474355	94.7	94.84
590,0.22435897435897437	0.4033067208197591	94.52	94.65
591,0.225	0.4132311403220706	94.38	94.49
592,0.22564102564102564	0.43201533761014166	94.07	94.24
593,0.22628205128205128	0.435883194550685	94.09	94.22
594,0.22692307692307692	0.4054664159447666	94.37	94.5
595,0.22756410256410256	0.41599772399030666	94.29	94.49
596,0.2282051282051282	0.4273401752095384	94.21	94.25
597,0.22884615384615384	0.42137956299707185	94.21	94.36
598,0.22948717948717948	0.4217788611853032	94.21	94.36
599,0.23012820512820512	0.39692030158819663	94.36	94.62
600,0.23076923076923078	0.3975275988464029	94.38	94.62
601,0.23141025641025642	0.3962443625521208	94.63	94.76
602,0.23205128205128206	0.4080162941887776	94.38	94.54
603,0.2326923076923077	0.41509660004310023	94.23	94.39
604,0.23333333333333334	0.42641751242652576	94.23	94.42
605,0.23397435897435898	0.4152858478174279	94.27	94.49
606,0.23461538461538461	0.4221545313234134	94.21	94.32
607,0.23525641025641025	0.4159529988143835	94.23	94.39
608,0.2358974358974359	0.41890831910606136	94.23	94.44
609,0.23653846153846153	0.41302334035693394	94.35	94.49
610,0.23717948717948717	0.41509434402644896	94.37	94.5
611,0.2378205128205128	0.40623354138075357	94.51	94.78
612,0.23846153846153847	0.41015145989107304	94.29	94.51
613,0.2391025641025641	0.40647776174046346	94.35	94.51
614,0.23974358974358975	0.4105506546130768	94.51	94.67
615,0.2403846153846154	0.3941490446687706	94.58	94.71
616,0.24102564102564103	0.39347919800749387	94.57	94.7
617,0.24166666666666667	0.39657824057612745	94.6	94.7
618,0.2423076923076923	0.3899726814511232	94.68	94.8
619,0.24294871794871795	0.3900349100601056	94.68	94.8
620,0.24358974358974358	0.40731133094422545	94.51	94.66
621,0.24423076923076922	0.39476531382635105	94.52	94.84
622,0.24487179487179486	0.40670288241699465	94.52	94.72
623,0.2455128205128205	0.39331409790807426	94.52	94.72
624,0.24615384615384617	0.39928161839022086	94.52	94.72
625,0.2467948717948718	0.4051352300791253	94.52	94.57
626,0.24743589743589745	0.3945187021711851	94.57	94.69
627,0.24807692307692308	0.3997691784106761	94.64	94.72
628,0.24871794871794872	0.3968770430941051	94.57	94.75
629,0.24935897435897436	0.40113295581650255	94.6	94.78
630,0.25	0.40459109353879785	94.51	94.61
631,0.25064102564102564	0.3972167819938948	94.56	94.76
632,0.2512820512820513	0.40133112960858136	94.56	94.75
633,0.2519230769230769	0.4017258708614131	94.56	94.63
634,0.25256410256410255	0.42311234048294943	94.26	94.37
635,0.2532051282051282	0.431524051648105	94.21	94.22
636,0.25384615384615383	0.4486861413590912	93.84	94.06
637,0.25448717948717947	0.4476145081693936	93.88	94.0
638,0.2551282051282051	0.4447151618489095	93.97	94.08
639,0.25576923076923075	0.442479411510091	94.06	94.12
640,0.2564102564102564	0.45274981702580996	93.93	94.07
641,0.257051282051282	0.4462998145506416	93.84	94.07
642,0.25769230769230766	0.44933504907698085	93.89	94.07
643,0.25833333333333336	0.4359561119012958	94.05	94.17
644,0.258974358974359	0.4135433059585592	94.31	94.47
645,0.25961538461538464	0.4219335092320756	94.27	94.48
646,0.2602564102564103	0.35385503947436675	95.22	95.5
647,0.2608974358974359	0.4114739304588003	94.3	94.7
648,0.26153846153846155	0.38681543213393127	94.7	94.96
649,0.2621794871794872	0.38167386242175644	94.71	95.09
650,0.26282051282051283	0.3824305097187742	94.85	95.05
651,0.26346153846153847	0.3532328105155163	95.08	95.5
652,0.2641025641025641	0.3578667430165823	95.08	95.47
653,0.26474358974358975	0.3418061004868082	95.16	95.5
654,0.2653846153846154	0.3431321708796671	95.23	95.64
655,0.266025641025641	0.3202583422146081	95.64	95.79
656,0.26666666666666666	0.32040105583327755	95.69	95.95
657,0.2673076923076923	0.3067879265465292	95.85	95.94
658,0.26794871794871794	0.32002680471699446	95.76	95.93
659,0.2685897435897436	0.29951669260358327	95.8	96.05
660,0.2692307692307692	0.30689764763220423	96.0	96.05
661,0.26987179487179486	0.31442022092036825	95.8	95.96
662,0.2705128205128205	0.3159684235108012	95.8	95.96
663,0.27115384615384613	0.30392516485626087	95.86	96.0
664,0.2717948717948718	0.31109930546087955	95.87	95.94
665,0.2724358974358974	0.28288854166472155	96.14	96.46
666,0.27307692307692305	0.31245078747298144	95.79	96.08
667,0.27371794871794874	0.3184726253643914	95.71	95.93
668,0.2743589743589744	0.3412485237337404	95.51	95.82
669,0.275	0.323130557041235	95.64	95.87
670,0.27564102564102566	0.30808172041065823	95.88	95.97
671,0.2762820512820513	0.2702438752237385	96.27	96.5
672,0.27692307692307694	0.2915841309949132	96.18	96.37
673,0.2775641025641026	0.321355355215272	95.55	95.94
674,0.2782051282051282	0.3251763428992554	95.55	95.77
675,0.27884615384615385	0.2786852234113976	96.16	96.4
676,0.2794871794871795	0.2620943829906039	96.34	96.69
677,0.28012820512820513	0.289488802737356	96.16	96.35
678,0.28076923076923077	0.30147849461673154	95.97	96.34
679,0.2814102564102564	0.28784227547776087	95.98	96.28
680,0.28205128205128205	0.29650912218744424	96.04	96.28
681,0.2826923076923077	0.27453620540238893	96.18	96.5
682,0.2833333333333333	0.2814564629599975	96.18	96.49
683,0.28397435897435896	0.2617433207904874	96.46	96.85
684,0.2846153846153846	0.25404912924343365	96.7	96.86
685,0.28525641025641024	0.2776639947654484	96.34	96.69
686,0.2858974358974359	0.27280607679427454	96.34	96.68
687,0.2865384615384615	0.2785941984393204	96.43	96.64
688,0.28717948717948716	0.2817128159410562	96.19	96.41
689,0.2878205128205128	0.2863543646520357	96.24	96.48
690,0.28846153846153844	0.27864760767306396	96.33	96.49
691,0.28910256410256413	0.2773275784600677	96.36	96.86
692,0.28974358974358977	0.27811500455977617	96.36	96.68
693,0.2903846153846154	0.245576477477556	96.59	96.98
694,0.29102564102564105	0.24786552858055935	96.8	96.96
695,0.2916666666666667	0.23963423042507512	96.8	97.0
696,0.2923076923076923	0.21884847336092708	97.14	97.29
697,0.29294871794871796	0.2433391365875642	96.82	97.12
698,0.2935897435897436	0.23857202234910269	96.82	97.04
699,0.29423076923076924	0.2302964335464821	97.0	97.16
700,0.2948717948717949	0.24509613949851253	96.87	97.03
701,0.2955128205128205	0.24074255387564505	97.0	97.1
702,0.29615384615384616	0.2177929404494663	97.25	97.36
703,0.2967948717948718	0.2137979163381935	97.35	97.47
704,0.29743589743589743	0.208306073759346	97.27	97.56
705,0.2980769230769231	0.20610009076498276	97.5	97.57
706,0.2987179487179487	0.19924074987198445	97.57	97.66
707,0.29935897435897435	0.18942793469314623	97.61	97.96
708,0.3	0.17500437956234466	98.0	98.29
709,0.3006410256410256	0.1586688274469541	98.14	98.28
710,0.30128205128205127	0.13546980515406837	98.47	98.72
711,0.3019230769230769	0.15919699052719274	98.2	98.34
712,0.30256410256410254	0.16319285129570346	98.09	98.32
713,0.3032051282051282	0.15142354834930974	98.21	98.42
714,0.3038461538461538	0.16056539000553363	98.22	98.41
715,0.30448717948717946	0.1643935693136545	98.1	98.21
716,0.30512820512820515	0.15898450441202136	98.17	98.4
717,0.3057692307692308	0.15680104809800618	98.26	98.34
718,0.30641025641025643	0.16772970353526673	98.17	98.22
719,0.30705128205128207	0.1821144864885624	97.96	98.05
720,0.3076923076923077	0.2024926012152646	97.6	97.77
721,0.30833333333333335	0.2004075056340335	97.61	97.82
722,0.308974358974359	0.19790955226114046	97.62	97.88
723,0.3096153846153846	0.184692528225661	97.82	97.97
724,0.31025641025641026	0.16903587147951585	98.0	98.25
725,0.3108974358974359	0.19304121972634875	97.86	98.2
726,0.31153846153846154	0.18368073728777998	97.86	98.14
727,0.3121794871794872	0.1884092699157906	97.86	98.01
728,0.3128205128205128	0.17991474066504878	98.01	98.1
729,0.31346153846153846	0.18179773166003316	97.95	98.14
730,0.3141025641025641	0.1916764486383984	97.83	97.99
731,0.31474358974358974	0.2126756320963854	97.61	97.62
732,0.3153846153846154	0.23461299047729967	97.3	97.38
733,0.316025641025641	0.2349880337200972	97.26	97.31
734,0.31666666666666665	0.24667419173235963	97.03	97.25
735,0.3173076923076923	0.2492929799294199	97.03	97.2
736,0.31794871794871793	0.2358138397884096	97.17	97.33
737,0.31858974358974357	0.22842612218072528	97.2	97.42
738,0.3192307692307692	0.22014783349563788	97.35	97.55
739,0.31987179487179485	0.24448381448962145	97.2	97.35
740,0.32051282051282054	0.24724040108486664	97.13	97.2
741,0.3211538461538462	0.2585453642686669	97.01	97.02
742,0.3217948717948718	0.2592696069772919	97.01	97.02
743,0.32243589743589746	0.2357258229401665	97.11	97.37
744,0.3230769230769231	0.24402129295326422	97.11	97.37
745,0.32371794871794873	0.24586991544001083	97.11	97.35
746,0.3243589743589744	0.24398895703230591	97.11	97.42
747,0.325	0.2439029677128735	97.13	97.37
748,0.32564102564102565	0.2525116190334793	97.05	97.21
749,0.3262820512820513	0.2920507755551435	96.58	96.76
750,0.3269230769230769	0.29110648522347415	96.5	96.71
751,0.32756410256410257	0.2873368059611093	96.62	96.71
752,0.3282051282051282	0.2604051111369683	96.93	97.19
753,0.32884615384615384	0.23162063557740997	97.34	97.48
754,0.3294871794871795	0.21650046940519804	97.41	97.93
755,0.3301282051282051	0.2289517258222569	97.5	97.71
756,0.33076923076923076	0.2236442775406256	97.5	97.71
757,0.3314102564102564	0.1988959400964627	97.76	97.94
758,0.33205128205128204	0.16315681901693563	98.27	98.47
759,0.3326923076923077	0.18101152502990484	98.19	98.37
760,0.3333333333333333	0.19031441825841972	98.08	98.12
761,0.33397435897435895	0.18174107139867737	98.13	98.33
762,0.3346153846153846	0.18290900599615806	98.13	98.26
763,0.33525641025641023	0.18470478347249183	98.13	98.21
764,0.33589743589743587	0.15528901282206495	98.5	98.6
765,0.33653846153846156	0.1440351569386913	98.69	98.86
766,0.3371794871794872	0.1440008747478274	98.73	98.83
767,0.33782051282051284	0.14793361482938866	98.71	98.78
768,0.3384615384615385	0.16036393930668666	98.52	98.65
769,0.3391025641025641	0.18908631132276182	98.2	98.43
770,0.33974358974358976	0.17744469123828566	98.2	98.42
771,0.3403846153846154	0.14297911686856304	98.4	99.0
772,0.34102564102564104	0.1709340235208622	98.38	98.65
773,0.3416666666666667	0.16614603393229024	98.38	98.63
774,0.3423076923076923	0.21308783045564816	97.85	98.05
775,0.34294871794871795	0.20359524888315103	97.9	98.06
776,0.3435897435897436	0.20334221678939476	97.89	98.09
777,0.34423076923076923	0.20300497136135393	97.89	98.0
778,0.34487179487179487	0.1864957232622854	98.01	98.24
779,0.3455128205128205	0.18515296747147983	98.17	98.31
780,0.34615384615384615	0.171750878879065	98.27	98.46
781,0.3467948717948718	0.16615950834210277	98.47	98.65
782,0.3474358974358974	0.19005645362684476	98.2	98.33
783,0.34807692307692306	0.20755962362637553	97.85	98.06
784,0.3487179487179487	0.20185582358361914	97.95	98.05
785,0.34935897435897434	0.15804163859793766	98.35	98.74
786,0.35	0.1548480703292994	98.35	98.75
787,0.3506410256410256	0.150205624563499	98.35	98.75
788,0.35128205128205126	0.19073972210094378	97.97	98.7
789,0.35192307692307695	0.2061006422585082	98.0	98.6
790,0.3525641025641026	0.20485149136833086	98.13	98.4
791,0.3532051282051282	0.1882067607782387	98.15	98.4
792,0.35384615384615387	0.195912427214425	98.15	98.39
793,0.3544871794871795	0.1814888697957361	98.3	98.37
794,0.35512820512820514	0.19181996908310484	98.15	98.49
795,0.3557692307692308	0.21143424131435223	97.95	98.15
796,0.3564102564102564	0.21084303142026384	97.95	98.01
797,0.35705128205128206	0.2357381155043323	97.61	97.89
798,0.3576923076923077	0.22105776647495046	97.61	97.82
799,0.35833333333333334	0.22233315866138278	97.81	97.91
800,0.358974358974359	0.22751231821766565	97.7	97.86
801,0.3596153846153846	0.2440686122364124	97.5	97.71
802,0.36025641025641025	0.24578611905005135	97.28	97.49
803,0.3608974358974359	0.24733234060730236	97.31	97.47
804,0.36153846153846153	0.2758162165250746	97.01	97.13
805,0.36217948717948717	0.2784921366695023	97.0	97.07
806,0.3628205128205128	0.3069717904097407	96.62	96.83
807,0.36346153846153845	0.27666445524892336	96.95	97.19
808,0.3641025641025641	0.27456363515589005	96.95	97.11
809,0.3647435897435897	0.25913288638287857	97.19	97.45
810,0.36538461538461536	0.2556063386605939	97.2	97.37
811,0.366025641025641	0.2377345374755309	97.37	97.75
812,0.36666666666666664	0.2317787077114691	97.58	97.71
813,0.36730769230769234	0.23121334995742052	97.72	97.97
814,0.367948717948718	0.19987718075120475	97.9	98.23
815,0.3685897435897436	0.18781279262361464	98.17	98.35
816,0.36923076923076925	0.1946137847828651	97.6	98.25
817,0.3698717948717949	0.22215145358064067	97.79	98.05
818,0.37051282051282053	0.26160513486375514	97.3	97.76
819,0.37115384615384617	0.23758563068497335	97.42	97.75
820,0.3717948717948718	0.23523497807584295	97.43	97.73
821,0.37243589743589745	0.22742174028309065	97.58	97.86
822,0.3730769230769231	0.21889063682259915	97.59	98.16
823,0.3737179487179487	0.20842868106381068	97.71	98.0
824,0.37435897435897436	0.18572722775976522	98.1	98.4
825,0.375	0.17208627414735347	98.48	98.6
826,0.37564102564102564	0.20051862914631352	97.46	98.22
827,0.3762820512820513	0.23753572581471488	97.63	98.16
828,0.3769230769230769	0.23206823486522402	97.81	98.05
829,0.37756410256410255	0.19659772764634031	98.15	98.4
830,0.3782051282051282	0.1876816061489511	98.21	98.39
831,0.37884615384615383	0.19388818354188445	98.21	98.38
832,0.37948717948717947	0.18237044538899586	98.34	98.48
833,0.3801282051282051	0.20089889474555278	98.21	98.34
834,0.38076923076923075	0.21450139378510835	97.92	98.2
835,0.3814102564102564	0.220844257393086	97.8	98.07
836,0.382051282051282	0.2264658376293126	97.81	98.0
837,0.38269230769230766	0.220297476278568	97.94	98.11
838,0.38333333333333336	0.1869981467381618	98.28	98.59
839,0.383974358974359	0.18025407930649778	98.3	98.58
840,0.38461538461538464	0.18326411110417748	98.38	98.57
841,0.3852564102564103	0.18527599753680496	98.34	98.48
842,0.3858974358974359	0.20250672049944612	98.01	98.31
843,0.38653846153846155	0.21582979144908435	98.01	98.17
844,0.3871794871794872	0.20991764423558346	98.11	98.21
845,0.38782051282051283	0.2078914815027148	98.11	98.34
846,0.38846153846153847	0.1999652494222804	98.11	98.3
847,0.3891025641025641	0.20996183429343052	98.03	98.12
848,0.38974358974358975	0.21852314946843546	97.81	98.01
849,0.3903846153846154	0.2168122116380816	97.87	98.03
850,0.391025641025641	0.21906758362530696	97.95	98.04
851,0.39166666666666666	0.216128281546923	97.96	98.04
852,0.3923076923076923	0.22231124398892194	97.81	98.03
853,0.39294871794871794	0.2704705290416367	97.12	97.37
854,0.3935897435897436	0.2613260261297137	97.22	97.44
855,0.3942307692307692	0.24873321265740256	97.42	97.59
856,0.39487179487179486	0.25311876787619136	97.51	97.6
857,0.3955128205128205	0.2518696885634477	97.55	97.65
858,0.39615384615384613	0.2613176763628532	97.42	97.54
859,0.3967948717948718	0.24799504317658258	97.43	97.61
860,0.3974358974358974	0.22854764793461543	97.43	97.55
861,0.39807692307692305	0.25122308660295023	97.47	97.57
862,0.39871794871794874	0.27405134698665623	97.25	97.38
863,0.3993589743589744	0.2686508693126211	97.25	97.37
864,0.4	0.26851765094679036	97.28	97.34
865,0.40064102564102566	0.2565210499162113	97.31	97.61
866,0.4012820512820513	0.2509423970728734	97.47	97.58
867,0.40192307692307694	0.24427764899453933	97.59	97.76
868,0.4025641025641026	0.230669281172496	97.66	97.87
869,0.4032051282051282	0.23142556120342794	97.81	97.91
870,0.40384615384615385	0.22175454258376817	97.87	98.0
871,0.4044871794871795	0.22603862800363503	97.88	98.0
872,0.40512820512820513	0.2168185750884276	97.94	98.08
873,0.40576923076923077	0.20851797709109743	98.09	98.2
874,0.4064102564102564	0.219333240697334	97.95	98.15
875,0.40705128205128205	0.21869049926261572	97.97	98.15
876,0.4076923076923077	0.20969128658917732	98.14	98.22
877,0.4083333333333333	0.20237454890741158	98.24	98.33
878,0.40897435897435896	0.19628516185518757	98.26	98.4
879,0.4096153846153846	0.18876294052533205	98.35	98.5
880,0.41025641025641024	0.20217550861185585	98.28	98.34
881,0.4108974358974359	0.21208152893284044	98.09	98.25
882,0.4115384615384615	0.21499437740023059	98.09	98.17
883,0.41217948717948716	0.22421143877347224	97.94	98.05
884,0.4128205128205128	0.23903946894995345	97.65	97.91
885,0.41346153846153844	0.24222486049266917	97.71	97.84
886,0.41410256410256413	0.21652539568447995	97.86	98.09
887,0.41474358974358977	0.22310372433139275	97.88	98.17
888,0.4153846153846154	0.2121281258452405	98.05	98.18
889,0.41602564102564105	0.2157777371990398	98.06	98.2
890,0.4166666666666667	0.2257455042687226	97.92	97.99
891,0.4173076923076923	0.23256083565139282	97.8	97.98
892,0.41794871794871796	0.2542230924479198	97.59	97.72
893,0.4185897435897436	0.2685069860650206	97.38	97.49
894,0.41923076923076924	0.2775960196327099	97.15	97.38
895,0.4198717948717949	0.27030584626067944	97.28	97.38
896,0.4205128205128205	0.26800200528322077	97.33	97.48
897,0.42115384615384616	0.2482794736946613	97.58	97.69
898,0.4217948717948718	0.2837201998000396	97.19	97.49
899,0.42243589743589743	0.28303488405580934	97.19	97.46
900,0.4230769230769231	0.26779034629496956	97.2	97.42
901,0.4237179487179487	0.27176033045177767	97.26	97.42
902,0.42435897435897435	0.26824469231092646	97.25	97.42
903,0.425	0.27972748932162117	97.25	97.42
904,0.4256410256410256	0.29634497670923765	97.01	97.17
905,0.42628205128205127	0.31257857661065785	96.72	96.94
906,0.4269230769230769	0.3173489616413699	96.73	96.9
907,0.42756410256410254	0.30519863086812415	96.75	96.9
908,0.4282051282051282	0.3091054268205388	96.79	96.99
909,0.4288461538461538	0.34405234651183253	96.31	96.43
910,0.42948717948717946	0.32636399607345123	96.48	96.7
911,0.43012820512820515	0.3363041856671518	96.48	96.7
912,0.4307692307692308	0.3512082635200558	96.27	96.56
913,0.43141025641025643	0.34976961322936423	96.29	96.44
914,0.43205128205128207	0.34146572005916537	96.38	96.44
915,0.4326923076923077	0.3434175240855363	96.25	96.39
916,0.43333333333333335	0.3442702191611306	96.32	96.48
917,0.433974358974359	0.3378081885981333	96.35	96.58
918,0.4346153846153846	0.337886340700618	96.38	96.48
919,0.43525641025641026	0.321362903750549	96.65	96.77
920,0.4358974358974359	0.32496640954757117	96.25	96.86
921,0.43653846153846154	0.3216046889486508	96.69	96.83
922,0.4371794871794872	0.3195460737867088	96.69	96.82
923,0.4378205128205128	0.3208004306733613	96.71	96.81
924,0.43846153846153846	0.3138100365848134	96.74	96.82
925,0.4391025641025641	0.33984807464656286	96.38	96.66
926,0.43974358974358974	0.3362386977969442	96.47	96.65
927,0.4403846153846154	0.31469862159923967	96.65	96.8
928,0.441025641025641	0.3202966368507662	96.66	96.79
929,0.44166666666666665	0.34450272452281483	96.38	96.61
930,0.4423076923076923	0.33654282748581116	96.38	96.61
931,0.44294871794871793	0.34453781480467444	96.39	96.47
932,0.44358974358974357	0.3526073753370729	96.14	96.28
933,0.4442307692307692	0.3613717726084974	96.17	96.25
934,0.44487179487179485	0.3542769628122162	96.26	96.3
935,0.44551282051282054	0.3351845769842396	96.28	96.53
936,0.4461538461538462	0.33899625303597286	96.27	96.6
937,0.4467948717948718	0.3227001449638829	96.53	96.72
938,0.44743589743589746	0.3299089412524186	96.53	96.72
939,0.4480769230769231	0.32290659448635156	96.41	96.61
940,0.44871794871794873	0.34754192534892286	96.32	96.4
941,0.4493589743589744	0.3679787794148153	96.01	96.12
942,0.45	0.35942270552030336	96.09	96.44
943,0.45064102564102565	0.3430341542172417	96.09	96.44
944,0.4512820512820513	0.3495911627028665	96.21	96.41
945,0.4519230769230769	0.35218744219949466	96.21	96.38
946,0.45256410256410257	0.34646696888892664	96.25	96.38
947,0.4532051282051282	0.36475117957042125	96.09	96.16
948,0.45384615384615384	0.3626063734036578	96.08	96.16
949,0.4544871794871795	0.37309667653214235	96.0	96.02
950,0.4551282051282051	0.36486876902763077	96.03	96.25
951,0.45576923076923076	0.3613461959043769	96.12	96.25
952,0.4564102564102564	0.3741606838541407	96.0	96.13
953,0.45705128205128204	0.3734705110908656	96.0	96.02
954,0.4576923076923077	0.3982860617059154	95.6	95.75
955,0.4583333333333333	0.39754904488364895	95.62	95.75
956,0.45897435897435895	0.3752358626053795	95.65	96.0
957,0.4596153846153846	0.38550514156433946	95.72	95.9
958,0.46025641025641023	0.389190352775228	95.8	95.88
959,0.46089743589743587	0.3840721620602033	95.86	95.9
960,0.46153846153846156	0.4032632291611592	95.5	95.65
961,0.4621794871794872	0.4144465967037004	95.47	95.55
962,0.46282051282051284	0.4070872925198472	95.43	95.59
963,0.4634615384615385	0.41670461764686606	95.43	95.58
964,0.4641025641025641	0.4027666764091184	95.62	95.84
965,0.46474358974358976	0.3866750331272313	95.73	95.89
966,0.4653846153846154	0.38079835178680443	95.77	95.98
967,0.46602564102564104	0.38674395398612194	95.74	95.93
968,0.4666666666666667	0.38165260345086005	95.75	95.92
969,0.4673076923076923	0.38164674879269145	95.85	95.94
970,0.46794871794871795	0.37225832798763175	95.91	96.16
971,0.4685897435897436	0.374397224011245	95.92	96.13
972,0.46923076923076923	0.36785520328818927	95.93	96.11
973,0.46987179487179487	0.3693633004004386	95.94	96.09
974,0.4705128205128205	0.372888790247466	96.0	96.12
975,0.47115384615384615	0.3686601151618154	96.01	96.12
976,0.4717948717948718	0.3848041104115181	95.88	96.08
977,0.4724358974358974	0.3848073707235662	95.88	95.98
978,0.47307692307692306	0.3808168773685691	95.89	95.98
979,0.4737179487179487	0.3768586088882265	95.9	96.08
980,0.47435897435897434	0.34772927721976477	96.29	96.42
981,0.475	0.34938375231069735	96.31	96.44
982,0.4756410256410256	0.3632949161998399	96.16	96.28
983,0.47628205128205126	0.3779318032589752	95.88	96.1
984,0.47692307692307695	0.3837894755464909	95.9	96.09
985,0.4775641025641026	0.3803136400468377	95.91	96.02
986,0.4782051282051282	0.38994493701240296	95.81	95.87
987,0.47884615384615387	0.38998832810086254	95.82	95.96
988,0.4794871794871795	0.37462792231082054	95.91	96.04
989,0.48012820512820514	0.3804981951835496	95.91	96.0
990,0.4807692307692308	0.39004522558597404	95.81	95.99
991,0.4814102564102564	0.3900460027410675	95.81	95.99
992,0.48205128205128206	0.3900755566851706	95.82	95.95
993,0.4826923076923077	0.3952474253344206	95.74	95.83
994,0.48333333333333334	0.39672238584938946	95.67	95.76
995,0.483974358974359	0.4114990106859058	95.51	95.65
996,0.4846153846153846	0.40273411820037824	95.51	95.64
997,0.48525641025641025	0.40568643736188076	95.59	95.63
998,0.4858974358974359	0.4273749932727789	95.36	95.45
999,0.48653846153846153	0.4279564612616094	95.3	95.37
1000,0.48717948717948717	0.42621695344519844	95.3	95.37
1001,0.4878205128205128	0.4310520763308714	95.27	95.35
1002,0.48846153846153845	0.44600074910058307	95.07	95.19
1003,0.4891025641025641	0.4335467811766663	95.19	95.27
1004,0.4897435897435897	0.4134821015323273	95.31	95.51
1005,0.49038461538461536	0.42085070604850455	95.32	95.5
1006,0.491025641025641	0.42085675644344833	95.32	95.49
1007,0.49166666666666664	0.4342352996320127	95.22	95.32
1008,0.49230769230769234	0.4310279528837331	95.17	95.32
1009,0.492948717948718	0.41883231940219784	95.4	95.47
1010,0.4935897435897436	0.4210641108006527	95.36	95.46
1011,0.49423076923076925	0.4218068071841627	95.38	95.46
1012,0.4948717948717949	0.40783583371082144	95.49	95.6
1013,0.49551282051282053	0.41080587364742044	95.49	95.61
1014,0.49615384615384617	0.40200833011080706	95.58	95.68
1015,0.4967948717948718	0.40496046794277957	95.63	95.71
1016,0.49743589743589745	0.3961426750930494	95.65	95.73
1017,0.4980769230769231	0.3723073069554799	96.04	96.1
1018,0.4987179487179487	0.38554272098394893	95.89	96.02
1019,0.49935897435897436	0.4069177448150468	95.62	95.75
1020,0.5	0.39934880983228904	95.64	95.74
1021,0.5006410256410256	0.4091563214285074	95.51	95.71
1022,0.5012820512820513	0.4132679195535128	95.39	95.66
1023,0.5019230769230769	0.40406265927417	95.39	95.66
1024,0.5025641025641026	0.4132704649352253	95.4	95.66
1025,0.5032051282051282	0.4132704649352253	95.4	95.57
1026,0.5038461538461538	0.4187488338365705	95.4	95.57
1027,0.5044871794871795	0.4158623367479515	95.42	95.56
1028,0.5051282051282051	0.41291898911659713	95.46	95.56
1029,0.5057692307692307	0.41144339576494204	95.46	95.56
1030,0.5064102564102564	0.4181285116164545	95.42	95.46
1031,0.507051282051282	0.4210885863324413	95.42	95.46
1032,0.5076923076923077	0.42333167842330977	95.33	95.42
1033,0.5083333333333333	0.41640149165601503	95.39	95.5
1034,0.5089743589743589	0.41775564685213074	95.4	95.51
1035,0.5096153846153846	0.4119353163604348	95.51	95.58
1036,0.5102564102564102	0.40975506085391405	95.51	95.64
1037,0.5108974358974359	0.40791248475006975	95.51	95.64
1038,0.5115384615384615	0.4090318219979774	95.51	95.64
1039,0.5121794871794871	0.4042811522433175	95.64	95.66
1040,0.5128205128205128	0.40509555857311563	95.55	95.69
1041,0.5134615384615384	0.4080537899650726	95.51	95.66
1042,0.514102564102564	0.4110129699142472	95.51	95.66
1043,0.5147435897435897	0.3970681804997405	95.66	95.77
1044,0.5153846153846153	0.3980457697767895	95.67	95.78
1045,0.5160256410256411	0.3978350446076326	95.69	95.79
1046,0.5166666666666667	0.3971406366646767	95.74	95.79
1047,0.5173076923076924	0.3978967936232627	95.74	95.79
1048,0.517948717948718	0.3986844384663223	95.73	95.81
1049,0.5185897435897436	0.39575977980118776	95.73	95.81
1050,0.5192307692307693	0.39489087999639766	95.75	95.81
1051,0.5198717948717949	0.39552091469974965	95.75	95.81
1052,0.5205128205128206	0.3950436001490884	95.75	95.81
1053,0.5211538461538462	0.3994865072137139	95.71	95.78
1054,0.5217948717948718	0.400251843927881	95.68	95.81
1055,0.5224358974358975	0.39768456410802466	95.68	95.81
1056,0.5230769230769231	0.3991608421813123	95.68	95.81
1057,0.5237179487179487	0.39954353288554617	95.68	95.77
1058,0.5243589743589744	0.3958885969830647	95.69	95.8
1059,0.525	0.3707934011611684	96.02	96.21
1060,0.5256410256410257	0.35275024958965334	96.26	96.38
1061,0.5262820512820513	0.3531463373318083	96.19	96.38
1062,0.5269230769230769	0.35233503516137227	96.3	96.51
1063,0.5275641025641026	0.35038378592626745	96.37	96.53
1064,0.5282051282051282	0.3511580749775815	96.39	96.4
1065,0.5288461538461539	0.35047080651037665	96.25	96.4
1066,0.5294871794871795	0.34449089719423404	96.31	96.49
1067,0.5301282051282051	0.33407695297670964	96.54	96.67
1068,0.5307692307692308	0.33311759796564266	96.55	96.71
1069,0.5314102564102564	0.34386828759206833	96.45	96.53
1070,0.532051282051282	0.3473949939902969	96.37	96.58
1071,0.5326923076923077	0.34706872156586016	96.45	96.58
1072,0.5333333333333333	0.3583713621209544	96.29	96.36
1073,0.533974358974359	0.3591434704797451	96.29	96.3
1074,0.5346153846153846	0.36212841155185926	96.17	96.37
1075,0.5352564102564102	0.36258039032632844	96.14	96.36
1076,0.5358974358974359	0.37017784453588853	96.14	96.32
1077,0.5365384615384615	0.3788935773656009	96.02	96.1
1078,0.5371794871794872	0.39365967377251687	95.82	95.93
1079,0.5378205128205128	0.39153001300673995	95.84	95.93
1080,0.5384615384615384	0.3974264732461568	95.7	95.88
1081,0.5391025641025641	0.40614604930387965	95.53	95.73
1082,0.5397435897435897	0.40934646571124783	95.52	95.61
1083,0.5403846153846154	0.40602010909035835	95.58	95.73
1084,0.541025641025641	0.3983514590265361	95.58	95.78
1085,0.5416666666666666	0.40244763153436747	95.61	95.78
1086,0.5423076923076923	0.3998321661064107	95.7	95.77
1087,0.5429487179487179	0.41447229907970884	95.52	95.58
1088,0.5435897435897435	0.4119389585206606	95.52	95.61
1089,0.5442307692307692	0.4124448652503399	95.53	95.57
1090,0.5448717948717948	0.41770348451298905	95.3	95.51
1091,0.5455128205128205	0.4273414850259865	95.3	95.5
1092,0.5461538461538461	0.4336750537791672	95.15	95.31
1093,0.5467948717948717	0.4263775931611016	95.28	95.45
1094,0.5474358974358975	0.42971523058546096	95.28	95.4
1095,0.5480769230769231	0.428982748584398	95.28	95.34
1096,0.5487179487179488	0.437185893081771	95.15	95.29
1097,0.5493589743589744	0.4386765385508556	95.15	95.29
1098,0.55	0.44912688678891377	95.09	95.24
1099,0.5506410256410257	0.44763748963309946	95.09	95.14
1100,0.5512820512820513	0.4468096371013161	95.11	95.24
1101,0.551923076923077	0.4454244268101969	95.11	95.15
1102,0.5525641025641026	0.4259853130941218	95.24	95.48
1103,0.5532051282051282	0.4268841303265979	95.24	95.43
1104,0.5538461538461539	0.4268841303265979	95.24	95.4
1105,0.5544871794871795	0.43580767196471437	95.12	95.32
1106,0.5551282051282052	0.43326443694154665	95.14	95.3
1107,0.5557692307692308	0.437934512799612	95.14	95.3
1108,0.5564102564102564	0.437934512799612	95.14	95.3
1109,0.5570512820512821	0.438054940538459	95.14	95.29
1110,0.5576923076923077	0.43918072893916743	95.14	95.29
1111,0.5583333333333333	0.4612832039193814	94.87	95.07
1112,0.558974358974359	0.45456908128756346	95.0	95.06
1113,0.5596153846153846	0.42362696665729344	95.0	95.07
1114,0.5602564102564103	0.4531085516551454	95.0	95.07
1115,0.5608974358974359	0.46199515288981063	94.9	94.97
1116,0.5615384615384615	0.48360436793139067	94.51	94.66
1117,0.5621794871794872	0.48089528509525514	94.51	94.66
1118,0.5628205128205128	0.4914484028276699	94.51	94.62
1119,0.5634615384615385	0.48843376986554393	94.5	94.56
1120,0.5641025641025641	0.48880385357944595	94.52	94.62
1121,0.5647435897435897	0.49298131923180827	94.46	94.52
1122,0.5653846153846154	0.4861979891037565	94.51	94.59
1123,0.566025641025641	0.48580856997523747	94.52	94.64
1124,0.5666666666666667	0.48092929034040105	94.58	94.7
1125,0.5673076923076923	0.4547163130482443	94.9	95.01
1126,0.5679487179487179	0.450239708679486	94.98	95.07
1127,0.5685897435897436	0.46746949233316953	94.74	94.96
1128,0.5692307692307692	0.46746949233316953	94.75	94.95
1129,0.5698717948717948	0.48175044994945565	94.59	94.75
1130,0.5705128205128205	0.48062665994359366	94.6	94.67
1131,0.5711538461538461	0.4885399154891425	94.51	94.66
1132,0.5717948717948718	0.4885399154891425	94.51	94.66
1133,0.5724358974358974	0.4787564084687441	94.51	94.7
1134,0.573076923076923	0.4749999207220979	94.58	94.75
1135,0.5737179487179487	0.46228294858662344	94.82	95.01
1136,0.5743589743589743	0.46228946376649366	94.87	95.0
1137,0.575	0.46005024670403133	94.87	94.99
1138,0.5756410256410256	0.45780771952683424	94.87	94.97
1139,0.5762820512820512	0.46154961615342543	94.87	94.97
1140,0.5769230769230769	0.47881569582954103	94.62	94.83
1141,0.5775641025641025	0.484085658212381	94.5	94.7
1142,0.5782051282051283	0.4795695024391481	94.51	94.68
1143,0.5788461538461539	0.4863090896307094	94.51	94.68
1144,0.5794871794871795	0.4795774948266269	94.51	94.68
1145,0.5801282051282052	0.4855941802339348	94.54	94.68
1146,0.5807692307692308	0.4855941802339348	94.54	94.68
1147,0.5814102564102565	0.4893647845439532	94.53	94.68
1148,0.5820512820512821	0.48446561403237587	94.53	94.67
1149,0.5826923076923077	0.4706119297525453	94.62	94.82
1150,0.5833333333333334	0.48034944412911373	94.62	94.76
1151,0.583974358974359	0.48562586632501586	94.53	94.62
1152,0.5846153846153846	0.49317884771469134	94.5	94.54
1153,0.5852564102564103	0.47721573975533105	94.5	94.51
1154,0.5858974358974359	0.49809646896800314	94.41	94.46
1155,0.5865384615384616	0.4980968666527018	94.41	94.46
1156,0.5871794871794872	0.4999865078535571	94.31	94.49
1157,0.5878205128205128	0.48715180374925315	94.49	94.65
1158,0.5884615384615385	0.4879087777309526	94.5	94.62
1159,0.5891025641025641	0.48263693262535007	94.51	94.66
1160,0.5897435897435898	0.47963176368183735	94.6	94.69
1161,0.5903846153846154	0.4698754806605289	94.75	94.82
1162,0.591025641025641	0.4676142779979587	94.84	94.98
1163,0.5916666666666667	0.4378337900244805	95.09	95.24
1164,0.5923076923076923	0.44119045417042546	95.15	95.24
1165,0.592948717948718	0.4476989280888295	95.08	95.21
1166,0.5935897435897436	0.4442653937043798	95.08	95.21
1167,0.5942307692307692	0.444936542443426	95.08	95.21
1168,0.5948717948717949	0.4490332566192138	95.09	95.2
1169,0.5955128205128205	0.4440580621283333	95.1	95.2
1170,0.5961538461538461	0.44087752089547455	95.2	95.26
1171,0.5967948717948718	0.41868065884065764	95.35	95.5
1172,0.5974358974358974	0.41134055580633755	95.54	95.63
1173,0.5980769230769231	0.42988037805107093	95.35	95.4
1174,0.5987179487179487	0.4280375854337956	95.38	95.48
1175,0.5993589743589743	0.4276654798278985	95.38	95.48
1176,0.6	0.42028012246175445	95.44	95.55
1177,0.6006410256410256	0.4196136448724277	95.46	95.54
1178,0.6012820512820513	0.417319731844357	95.49	95.54
1179,0.6019230769230769	0.4197035037990662	95.49	95.54
1180,0.6025641025641025	0.41972302865813854	95.46	95.54
1181,0.6032051282051282	0.42121311160085795	95.46	95.54
1182,0.6038461538461538	0.3938548150867221	95.8	95.9
1183,0.6044871794871794	0.3798109315159872	95.91	96.04
1184,0.6051282051282051	0.3783788287610243	95.95	96.08
1185,0.6057692307692307	0.38209214341126946	95.95	96.08
1186,0.6064102564102564	0.378448205095308	95.96	96.08
1187,0.607051282051282	0.37994128318843606	95.98	96.1
1188,0.6076923076923076	0.3887916237047805	95.81	95.98
1189,0.6083333333333333	0.3814793521969581	95.95	96.04
1190,0.6089743589743589	0.38588891947805287	95.92	96.03
1191,0.6096153846153847	0.3947497452952241	95.81	95.87
1192,0.6102564102564103	0.39697097813263127	95.81	95.82
1193,0.610897435897436	0.38748689191478086	95.9	95.99
1194,0.6115384615384616	0.3810032522679565	95.99	96.03
1195,0.6121794871794872	0.3883908094336946	95.96	96.0
1196,0.6128205128205129	0.38696295824416393	95.94	96.0
1197,0.6134615384615385	0.38696295824416393	95.94	96.0
1198,0.6141025641025641	0.3842865753921418	95.94	96.0
1199,0.6147435897435898	0.3921686728267501	95.88	95.94
1200,0.6153846153846154	0.3921934381486441	95.88	95.92
1201,0.6160256410256411	0.39220916847419895	95.83	95.87
1202,0.6166666666666667	0.3936898895729175	95.83	95.87
1203,0.6173076923076923	0.3893586107021225	95.87	95.93
1204,0.617948717948718	0.36834110948325277	96.11	96.22
1205,0.6185897435897436	0.36761915249612637	96.14	96.22
1206,0.6192307692307693	0.3409308673468602	96.45	96.59
1207,0.6198717948717949	0.3409566362800292	96.45	96.59
1208,0.6205128205128205	0.3451172873186117	96.48	96.59
1209,0.6211538461538462	0.3534935789523927	96.4	96.47
1210,0.6217948717948718	0.3543448721083265	96.36	96.41
1211,0.6224358974358974	0.35785833787979887	96.36	96.37
1212,0.6230769230769231	0.3544779706059744	96.37	96.45
1213,0.6237179487179487	0.34587489523960896	96.39	96.58
1214,0.6243589743589744	0.3480716927786957	96.49	96.55
1215,0.625	0.3495492512102591	96.39	96.48
1216,0.6256410256410256	0.3504770970668096	96.4	96.47
1217,0.6262820512820513	0.3772161467853137	96.1	96.15
1218,0.6269230769230769	0.3761940104997089	96.11	96.12
1219,0.6275641025641026	0.3765748015927197	96.11	96.19
1220,0.6282051282051282	0.3971288738092996	95.83	96.0
1221,0.6288461538461538	0.3920517931090364	95.9	96.0
1222,0.6294871794871795	0.38765318751875616	95.91	96.0
1223,0.6301282051282051	0.3953397589664719	95.81	95.9
1224,0.6307692307692307	0.39507280342859097	95.81	95.89
1225,0.6314102564102564	0.39545719695504694	95.81	95.9
1226,0.632051282051282	0.3863534238062337	95.9	95.99
1227,0.6326923076923077	0.3819939680345564	95.91	96.04
1228,0.6333333333333333	0.3776167275938122	96.05	96.17
1229,0.6339743589743589	0.3768862817606819	96.06	96.17
1230,0.6346153846153846	0.37947508906218236	95.99	96.16
1231,0.6352564102564102	0.38524687990580514	95.99	96.16
1232,0.6358974358974359	0.38203699977229216	96.0	96.15
1233,0.6365384615384615	0.37986156700882556	96.01	96.07
1234,0.6371794871794871	0.3798743818614681	96.02	96.07
1235,0.6378205128205128	0.379877591128134	96.02	96.07
1236,0.6384615384615384	0.3858104158821956	95.97	96.01
1237,0.639102564102564	0.39169267781668077	95.85	95.96
1238,0.6397435897435897	0.39316721430287244	95.85	95.93
1239,0.6403846153846153	0.3818709068168736	95.98	96.11
1240,0.6410256410256411	0.3874368959766882	95.91	96.11
1241,0.6416666666666667	0.3874368959766882	95.95	96.11
1242,0.6423076923076924	0.3823143518156201	95.95	96.11
1243,0.642948717948718	0.38305292147768777	95.95	96.11
1244,0.6435897435897436	0.37796412213845176	96.03	96.14
1245,0.6442307692307693	0.37796412213845176	96.03	96.14
1246,0.6448717948717949	0.37370388798501825	96.09	96.16
1247,0.6455128205128206	0.3671858494958804	96.17	96.25
1248,0.6461538461538462	0.3672349510668054	96.17	96.25
1249,0.6467948717948718	0.3814813084620247	95.95	96.16
1250,0.6474358974358975	0.3814813084620247	95.96	96.16
1251,0.6480769230769231	0.3803922374818441	95.97	96.16
1252,0.6487179487179487	0.37930067594651407	96.03	96.15
1253,0.6493589743589744	0.38113453731999725	96.01	96.15
1254,0.65	0.38371425694735195	95.97	96.08
1255,0.6506410256410257	0.3936425151194066	95.93	95.99
1256,0.6512820512820513	0.40917918693740873	95.62	95.68
1257,0.6519230769230769	0.40885375251813416	95.65	95.72
1258,0.6525641025641026	0.4063108936330031	95.66	95.73
1259,0.6532051282051282	0.3945916528444294	95.78	95.91
1260,0.6538461538461539	0.3961354671939702	95.73	95.9
1261,0.6544871794871795	0.410143158931769	95.66	95.8
1262,0.6551282051282051	0.40869196952853154	95.68	95.78
1263,0.6557692307692308	0.4072353325616709	95.68	95.74
1264,0.6564102564102564	0.40214756738255275	95.74	95.85
1265,0.657051282051282	0.38682049231573656	95.92	95.99
1266,0.6576923076923077	0.4018661357368094	95.77	95.8
1267,0.6583333333333333	0.3978516117956992	95.75	95.84
1268,0.658974358974359	0.3978775053873978	95.64	95.78
1269,0.6596153846153846	0.4052684684579124	95.64	95.75
1270,0.6602564102564102	0.4082074284184028	95.57	95.7
1271,0.6608974358974359	0.4078725990422626	95.63	95.78
1272,0.6615384615384615	0.4053389699235176	95.69	95.84
1273,0.6621794871794872	0.3987967101022223	95.71	95.83
1274,0.6628205128205128	0.4031794378794009	95.71	95.77
1275,0.6634615384615384	0.40760429818103844	95.71	95.77
1276,0.6641025641025641	0.3930706091454584	95.79	95.91
1277,0.6647435897435897	0.3827592205032168	95.96	96.05
1278,0.6653846153846154	0.38717880540136496	95.85	96.0
1279,0.666025641025641	0.38644957412945685	95.85	96.0
1280,0.6666666666666666	0.394540398164464	95.86	95.96
1281,0.6673076923076923	0.3896411180369196	95.85	95.96
1282,0.6679487179487179	0.40412347452593783	95.71	95.85
1283,0.6685897435897435	0.4129709505440468	95.63	95.78
1284,0.6692307692307692	0.4160625256948503	95.47	95.6
1285,0.6698717948717948	0.42935570781255605	95.41	95.59
1286,0.6705128205128205	0.4256581568991371	95.4	95.59
1287,0.6711538461538461	0.4234497046434372	95.41	95.59
1288,0.6717948717948717	0.41754725555848016	95.46	95.59
1289,0.6724358974358975	0.4168141884470911	95.46	95.59
1290,0.6730769230769231	0.43763548135972197	95.3	95.36
1291,0.6737179487179488	0.4413854787796279	95.18	95.33
1292,0.6743589743589744	0.42882260520492554	95.26	95.43
1293,0.675	0.43471877049657465	95.27	95.35
1294,0.6756410256410257	0.4376899312108935	95.27	95.35
1295,0.6762820512820513	0.4376899312108935	95.27	95.35
1296,0.676923076923077	0.43769158719223844	95.27	95.35
1297,0.6775641025641026	0.43620865347085697	95.27	95.35
1298,0.6782051282051282	0.4511070458849896	95.12	95.22
1299,0.6788461538461539	0.4451900306636633	95.12	95.21
1300,0.6794871794871795	0.45559841078713237	95.06	95.12
1301,0.6801282051282052	0.46009384253967917	95.0	95.01
1302,0.6807692307692308	0.45753359195214205	95.03	95.06
1303,0.6814102564102564	0.45718012181616613	95.03	95.11
1304,0.6820512820512821	0.45273291015089323	95.07	95.11
1305,0.6826923076923077	0.4508633779191421	95.12	95.2
1306,0.6833333333333333	0.4231091180742564	95.39	95.51
1307,0.683974358974359	0.4032184771021657	95.67	95.78
1308,0.6846153846153846	0.40908152380712903	95.7	95.78
1309,0.6852564102564103	0.4047039779430229	95.71	95.78
1310,0.6858974358974359	0.40324862736534545	95.71	95.78
1311,0.6865384615384615	0.40325052609728934	95.72	95.78
1312,0.6871794871794872	0.4119803642497711	95.53	95.85
1313,0.6878205128205128	0.41169280834448774	95.66	95.85
1314,0.6884615384615385	0.4025914282590791	95.66	95.8
1315,0.6891025641025641	0.40701212699993894	95.66	95.8
1316,0.6897435897435897	0.40370473221503894	95.68	95.79
1317,0.6903846153846154	0.4037562470893521	95.68	95.79
1318,0.691025641025641	0.40706208500112645	95.68	95.79
1319,0.6916666666666667	0.4099819348538698	95.69	95.75
1320,0.6923076923076923	0.4114842770354942	95.66	95.7
1321,0.6929487179487179	0.4107922724935863	95.67	95.74
1322,0.6935897435897436	0.41301723905266813	95.58	95.73
1323,0.6942307692307692	0.4213068708909334	95.56	95.71
1324,0.6948717948717948	0.41503308075278295	95.48	95.64
1325,0.6955128205128205	0.41324530059174647	95.65	95.76
1326,0.6961538461538461	0.4134648737084352	95.59	95.69
1327,0.6967948717948718	0.40128082168239143	95.74	95.86
1328,0.6974358974358974	0.3927253985592567	95.79	95.94
1329,0.698076923076923	0.3883509104008289	95.92	96.06
1330,0.6987179487179487	0.38539161130598	95.97	96.12
1331,0.6993589743589743	0.3796067471557945	95.98	96.12
1332,0.7	0.3775200395124907	96.07	96.14
1333,0.7006410256410256	0.3893029671791967	95.98	96.03
1334,0.7012820512820512	0.38923006135325927	95.98	96.03
1335,0.7019230769230769	0.387565633886462	95.98	96.03
1336,0.7025641025641025	0.38431089707004756	95.99	96.11
1337,0.7032051282051283	0.38795639308221913	95.99	96.11
1338,0.7038461538461539	0.3849374719141901	95.99	96.11
1339,0.7044871794871795	0.3839633268301378	96.0	96.11
1340,0.7051282051282052	0.3847246151296497	96.0	96.09
1341,0.7057692307692308	0.3873160343504358	95.99	96.01
1342,0.7064102564102565	0.4119035452458678	95.87	95.93
1343,0.7070512820512821	0.40225264306503866	95.76	95.92
1344,0.7076923076923077	0.40505240162193945	95.76	95.82
1345,0.7083333333333334	0.4124296614235646	95.6	95.76
1346,0.708974358974359	0.4176123589563584	95.6	95.76
1347,0.7096153846153846	0.41135059021691933	95.61	95.75
1348,0.7102564102564103	0.40959167884823156	95.62	95.75
1349,0.7108974358974359	0.40882779164876404	95.62	95.75
1350,0.7115384615384616	0.41438836102082677	95.62	95.75
1351,0.7121794871794872	0.40705160736725166	95.68	95.81
1352,0.7128205128205128	0.409267207009094	95.69	95.74
1353,0.7134615384615385	0.4111145481547645	95.69	95.74
1354,0.7141025641025641	0.4133624278528857	95.64	95.69
1355,0.7147435897435898	0.414842012477579	95.61	95.69
1356,0.7153846153846154	0.4155833307953672	95.61	95.69
1357,0.716025641025641	0.4163335454991245	95.61	95.69
1358,0.7166666666666667	0.4207851745922526	95.55	95.56
1359,0.7173076923076923	0.43858197757774825	95.31	95.49
1360,0.717948717948718	0.43858577173493113	95.31	95.47
1361,0.7185897435897436	0.438597148246391	95.31	95.41
1362,0.7192307692307692	0.4386659809928333	95.25	95.36
1363,0.7198717948717949	0.4393764418215282	95.25	95.35
1364,0.7205128205128205	0.4431020618888396	95.25	95.35
1365,0.7211538461538461	0.4438850841528733	95.19	95.26
1366,0.7217948717948718	0.44392123095667985	95.19	95.29
1367,0.7224358974358974	0.4454117497819959	95.19	95.29
1368,0.7230769230769231	0.4476510208862967	95.19	95.29
1369,0.7237179487179487	0.4476524044041914	95.19	95.29
1370,0.7243589743589743	0.42692226089064617	95.46	95.48
1371,0.725	0.4136559844350807	95.54	95.73
1372,0.7256410256410256	0.4314895115761199	95.2	95.45
1373,0.7262820512820513	0.4366856713470935	95.24	95.44
1374,0.7269230769230769	0.4366856713470935	95.24	95.43
1375,0.7275641025641025	0.43672439266015023	95.24	95.42
1376,0.7282051282051282	0.4426345592621977	95.24	95.42
1377,0.7288461538461538	0.4471191072221789	95.2	95.35
1378,0.7294871794871794	0.44712118634817805	95.2	95.35
1379,0.7301282051282051	0.44712267254772087	95.2	95.32
1380,0.7307692307692307	0.4477977479139222	95.2	95.32
1381,0.7314102564102564	0.4426776697860604	95.24	95.32
1382,0.732051282051282	0.43825662488714273	95.26	95.42
1383,0.7326923076923076	0.4382603947897892	95.32	95.42
1384,0.7333333333333333	0.4315972208398732	95.35	95.44
1385,0.7339743589743589	0.42135911509486546	95.53	95.64
1386,0.7346153846153847	0.41694229792814236	95.57	95.73
1387,0.7352564102564103	0.4198978341244239	95.57	95.73
1388,0.735897435897436	0.427317980463108	95.45	95.5
1389,0.7365384615384616	0.42775517293804866	95.45	95.5
1390,0.7371794871794872	0.4295450147895059	95.45	95.5
1391,0.7378205128205129	0.4214294650149977	95.48	95.57
1392,0.7384615384615385	0.42073355504137205	95.48	95.57
1393,0.7391025641025641	0.4251372089088002	95.48	95.53
1394,0.7397435897435898	0.4255103788102006	95.48	95.53
1395,0.7403846153846154	0.42367323009460467	95.49	95.53
1396,0.7410256410256411	0.4189184323919225	95.51	95.67
1397,0.7416666666666667	0.4091600814425892	95.6	95.73
1398,0.7423076923076923	0.4090175546678259	95.63	95.73
1399,0.742948717948718	0.4090216330190398	95.67	95.73
1400,0.7435897435897436	0.40975045004438304	95.7	95.74
1401,0.7442307692307693	0.4046374220460403	95.72	95.79
1402,0.7448717948717949	0.4003072333066479	95.8	95.88
1403,0.7455128205128205	0.397305422801423	95.8	95.88
1404,0.7461538461538462	0.39800875010351666	95.83	95.9
1405,0.7467948717948718	0.39658318314271834	95.86	95.9
1406,0.7474358974358974	0.38640399187643953	95.92	96.04
1407,0.7480769230769231	0.38910905323283773	95.95	96.03
1408,0.7487179487179487	0.39678996615282613	95.89	95.97
1409,0.7493589743589744	0.39680602652403607	95.89	95.97
1410,0.75	0.3953480428821999	95.89	95.96
1411,0.7506410256410256	0.3968277827501932	95.9	95.96
1412,0.7512820512820513	0.39099090084252613	95.91	96.05
1413,0.7519230769230769	0.39393719062475896	95.92	96.05
1414,0.7525641025641026	0.3906437565472808	95.92	96.05
1415,0.7532051282051282	0.3977525252948132	95.83	95.96
1416,0.7538461538461538	0.4058734703547653	95.77	95.89
1417,0.7544871794871795	0.4021986935540261	95.77	95.89
1418,0.7551282051282051	0.4118233377894365	95.7	95.78
1419,0.7557692307692307	0.40611002271289226	95.7	95.78
1420,0.7564102564102564	0.4044978834774801	95.78	95.86
1421,0.757051282051282	0.4014525815815354	95.81	95.89
1422,0.7576923076923077	0.403794492672746	95.71	95.81
1423,0.7583333333333333	0.40674081177742094	95.77	95.89
1424,0.7589743589743589	0.406756155615433	95.77	95.85
1425,0.7596153846153846	0.40602183383691975	95.77	95.85
1426,0.7602564102564102	0.4067541471674758	95.77	95.88
1427,0.7608974358974359	0.4045578502562616	95.77	95.78
1428,0.7615384615384615	0.4193378057964646	95.6	95.71
1429,0.7621794871794871	0.41491354937428065	95.6	95.71
1430,0.7628205128205128	0.4275098712010273	95.43	95.55
1431,0.7634615384615384	0.4238536424746336	95.49	95.65
1432,0.764102564102564	0.4224106506774766	95.52	95.62
1433,0.7647435897435897	0.4194545425265146	95.51	95.62
1434,0.7653846153846153	0.42167345048961125	95.52	95.62
1435,0.7660256410256411	0.42205399978159996	95.52	95.6
1436,0.7666666666666667	0.40107172515092904	95.85	95.91
1437,0.7673076923076924	0.4077373278565217	95.74	95.81
1438,0.767948717948718	0.40774506495386786	95.62	95.81
1439,0.7685897435897436	0.41290955612844066	95.62	95.81
1440,0.7692307692307693	0.41734520373839706	95.62	95.7
1441,0.7698717948717949	0.41995212991013264	95.64	95.88
1442,0.7705128205128206	0.4144617311272283	95.66	95.89
1443,0.7711538461538462	0.41077758530827313	95.72	95.89
1444,0.7717948717948718	0.39828430334181586	95.74	95.89
1445,0.7724358974358975	0.4057867608204729	95.74	95.87
1446,0.7730769230769231	0.40347766383484907	95.81	95.89
1447,0.7737179487179487	0.4009073235558043	95.81	95.89
1448,0.7743589743589744	0.4093944436377953	95.65	95.81
1449,0.775	0.4094011998631507	95.67	95.8
1450,0.7756410256410257	0.41382587496891693	95.67	95.78
1451,0.7762820512820513	0.40645949481962795	95.7	95.78
1452,0.7769230769230769	0.417908169258273	95.56	95.65
1453,0.7775641025641026	0.42570386835285534	95.49	95.54
1454,0.7782051282051282	0.4249822618140715	95.52	95.62
1455,0.7788461538461539	0.42203628015380157	95.52	95.62
1456,0.7794871794871795	0.422038249372956	95.52	95.62
1457,0.7801282051282051	0.42203923394522885	95.52	95.62
1458,0.7807692307692308	0.4220422452079641	95.52	95.62
1459,0.7814102564102564	0.4250111048032178	95.52	95.57
1460,0.782051282051282	0.4191950169038588	95.55	95.67
1461,0.7826923076923077	0.41624389093737846	95.62	95.67
1462,0.7833333333333333	0.4155818583388319	95.62	95.66
1463,0.783974358974359	0.417733590206773	95.62	95.69
1464,0.7846153846153846	0.40964116469109235	95.67	95.72
1465,0.7852564102564102	0.40668929802615467	95.71	95.79
1466,0.7858974358974359	0.4077977068383297	95.74	95.79
1467,0.7865384615384615	0.42075017151037203	95.59	95.65
1468,0.7871794871794872	0.4237523096757825	95.51	95.52
1469,0.7878205128205128	0.42375673974106376	95.51	95.56
1470,0.7884615384615384	0.42486721849154285	95.51	95.56
1471,0.7891025641025641	0.42008757156805665	95.51	95.62
1472,0.7897435897435897	0.42975358879155257	95.47	95.52
1473,0.7903846153846154	0.4279293484098409	95.47	95.51
1474,0.791025641025641	0.4283111536023085	95.49	95.58
1475,0.7916666666666666	0.41726040791018404	95.57	95.65
1476,0.7923076923076923	0.4124739815928103	95.66	95.75
1477,0.7929487179487179	0.4117394726721001	95.66	95.77
1478,0.7935897435897435	0.40990832490559653	95.67	95.81
1479,0.7942307692307692	0.4057515529464202	95.67	95.8
1480,0.7948717948717948	0.42101415073292703	95.54	95.64
1481,0.7955128205128205	0.41958693663229785	95.54	95.63
1482,0.7961538461538461	0.4221357539643188	95.54	95.63
1483,0.7967948717948717	0.41741624560089535	95.51	95.69
1484,0.7974358974358975	0.42628785371720423	95.51	95.69
1485,0.7980769230769231	0.41964025687921874	95.54	95.68
1486,0.7987179487179488	0.4181642406554747	95.54	95.63
1487,0.7993589743589744	0.4285332829346316	95.49	95.54
1488,0.8	0.4248492899196848	95.49	95.54
1489,0.8006410256410257	0.41894216813207363	95.56	95.69
1490,0.8012820512820513	0.4211594339057977	95.61	95.68
1491,0.801923076923077	0.41710045648527894	95.61	95.68
1492,0.8025641025641026	0.4138091860942236	95.61	95.69
1493,0.8032051282051282	0.416753888165125	95.61	95.69
1494,0.8038461538461539	0.41572463643500096	95.61	95.69
1495,0.8044871794871795	0.4189884551979411	95.61	95.69
1496,0.8051282051282052	0.4193878239804085	95.58	95.65
1497,0.8057692307692308	0.42050105366062246	95.58	95.62
1498,0.8064102564102564	0.4160959763488391	95.6	95.66
1499,0.8070512820512821	0.41465771588945843	95.68	95.74
1500,0.8076923076923077	0.4087733604437494	95.69	95.8
1501,0.8083333333333333	0.40585696474550337	95.7	95.8
1502,0.808974358974359	0.40953398897906174	95.71	95.79
1503,0.8096153846153846	0.4091779245000113	95.72	95.79
1504,0.8102564102564103	0.409186523399993	95.72	95.79
1505,0.8108974358974359	0.40588704669487374	95.72	95.8
1506,0.8115384615384615	0.40298055503084346	95.8	95.88
1507,0.8121794871794872	0.39975806132559977	95.85	95.92
1508,0.8128205128205128	0.39975931304554096	95.85	95.92
1509,0.8134615384615385	0.3971936828593223	95.85	95.92
1510,0.8141025641025641	0.3971949827215092	95.85	95.92
1511,0.8147435897435897	0.4009662855511056	95.77	95.92
1512,0.8153846153846154	0.3980313589668474	95.77	95.91
1513,0.816025641025641	0.40759133277632276	95.77	95.89
1514,0.8166666666666667	0.4039410438346955	95.77	95.9
1515,0.8173076923076923	0.4106028361540523	95.71	95.8
1516,0.8179487179487179	0.4139504298480807	95.66	95.73
1517,0.8185897435897436	0.4269558144141003	95.52	95.6
1518,0.8192307692307692	0.42035265157099355	95.6	95.67
1519,0.8198717948717948	0.419625010520157	95.6	95.67
1520,0.8205128205128205	0.4155192449092923	95.62	95.72
1521,0.8211538461538461	0.41011712039617704	95.62	95.75
1522,0.8217948717948718	0.41012704693240337	95.62	95.75
1523,0.8224358974358974	0.41233980648380514	95.62	95.75
1524,0.823076923076923	0.41566241712867635	95.62	95.73
1525,0.8237179487179487	0.41566241712867635	95.62	95.72
1526,0.8243589743589743	0.4156634648675427	95.63	95.72
1527,0.825	0.42420061043475865	95.52	95.63
1528,0.8256410256410256	0.42799897067148407	95.33	95.51
1529,0.8262820512820512	0.4320326157768422	95.48	95.62
1530,0.8269230769230769	0.42871140991223455	95.49	95.62
1531,0.8275641025641025	0.43133995566074734	95.42	95.54
1532,0.8282051282051283	0.432828966162947	95.39	95.5
1533,0.8288461538461539	0.42875596645648634	95.39	95.5
1534,0.8294871794871795	0.4298810876111895	95.44	95.54
1535,0.8301282051282052	0.42115711602332206	95.54	95.63
1536,0.8307692307692308	0.4225114601199362	95.54	95.63
1537,0.8314102564102565	0.42252952579593184	95.54	95.63
1538,0.8320512820512821	0.42290106061807453	95.54	95.62
1539,0.8326923076923077	0.42290774420354293	95.54	95.62
1540,0.8333333333333334	0.4227326099127487	95.55	95.62
1541,0.833974358974359	0.4236926053291349	95.55	95.62
1542,0.8346153846153846	0.4134301702674532	95.67	95.73
1543,0.8352564102564103	0.4097593863449881	95.69	95.77
1544,0.8358974358974359	0.4082908661904531	95.7	95.76
1545,0.8365384615384616	0.42015054976481825	95.54	95.62
1546,0.8371794871794872	0.42905791093849815	95.43	95.59
1547,0.8378205128205128	0.44216909654980285	95.27	95.43
1548,0.8384615384615385	0.43753578123979703	95.33	95.43
1549,0.8391025641025641	0.43798196315672533	95.33	95.43
1550,0.8397435897435898	0.4324364690892475	95.42	95.48
1551,0.8403846153846154	0.4378465323746373	95.38	95.47
1552,0.841025641025641	0.43468151390633875	95.38	95.44
1553,0.8416666666666667	0.43579664133532586	95.38	95.43
1554,0.8423076923076923	0.43469385646024067	95.38	95.47
1555,0.842948717948718	0.43284094449103516	95.38	95.47
1556,0.8435897435897436	0.4342798693727457	95.39	95.5
1557,0.8442307692307692	0.43286025724077826	95.39	95.49
1558,0.8448717948717949	0.4332346572562147	95.4	95.49
1559,0.8455128205128205	0.44030821860276914	95.34	95.39
1560,0.8461538461538461	0.4518662361160818	95.16	95.25
1561,0.8467948717948718	0.4507508620049826	95.17	95.25
1562,0.8474358974358974	0.45225759385213643	95.15	95.22
1563,0.8480769230769231	0.4657093982672194	95.0	95.07
1564,0.8487179487179487	0.4590011582879586	95.05	95.15
1565,0.8493589743589743	0.4590090376926699	95.06	95.14
1566,0.85	0.4627583573283415	95.02	95.08
1567,0.8506410256410256	0.4597850190830441	95.01	95.09
1568,0.8512820512820513	0.46562741104127775	95.0	95.03
1569,0.8519230769230769	0.466581019028725	95.0	95.0
1570,0.8525641025641025	0.4658566121311606	95.0	95.04
1571,0.8532051282051282	0.4630984040990061	95.01	95.1
1572,0.8538461538461538	0.46663377675953444	95.0	95.01
1573,0.8544871794871794	0.46140649570602965	95.0	95.1
1574,0.8551282051282051	0.4666666419061291	95.0	95.01
1575,0.8557692307692307	0.4666769193808036	95.0	95.01
1576,0.8564102564102564	0.46668216270874047	95.0	95.01
1577,0.857051282051282	0.4664164544375479	95.0	95.01
1578,0.8576923076923076	0.47271551600642814	94.91	95.0
1579,0.8583333333333333	0.47948337549029674	94.78	94.83
1580,0.8589743589743589	0.4787430547937522	94.83	94.98
1581,0.8596153846153847	0.4938004837760979	94.64	94.74
1582,0.8602564102564103	0.48928198553525626	94.61	94.7
1583,0.860897435897436	0.4926742971961372	94.61	94.7
1584,0.8615384615384616	0.4960704369383652	94.61	94.7
1585,0.8621794871794872	0.4868152872515237	94.68	94.8
1586,0.8628205128205129	0.48628130992436935	94.68	94.8
1587,0.8634615384615385	0.4956585214708728	94.59	94.67
1588,0.8641025641025641	0.49419529558823566	94.6	94.67
1589,0.8647435897435898	0.5164875571519658	94.36	94.47
1590,0.8653846153846154	0.519519273542206	94.25	94.36
1591,0.8660256410256411	0.5088977541050687	94.36	94.4
1592,0.8666666666666667	0.549505574998765	93.79	93.98
1593,0.8673076923076923	0.5502454303387689	93.81	93.94
1594,0.867948717948718	0.5498564404552109	93.83	93.94
1595,0.8685897435897436	0.5307291155929138	94.03	94.16
1596,0.8692307692307693	0.5329755197678068	94.1	94.14
1597,0.8698717948717949	0.5184942767238715	94.29	94.46
1598,0.8705128205128205	0.5099208098573333	94.38	94.48
1599,0.8711538461538462	0.49536001629346715	94.41	94.6
1600,0.8717948717948718	0.5226473565110804	94.1	94.41
1601,0.8724358974358974	0.5245474032711167	94.16	94.35
1602,0.8730769230769231	0.5240891097860534	94.17	94.29
1603,0.8737179487179487	0.4897272153494824	94.6	94.81
1604,0.8743589743589744	0.49727756874940104	94.49	94.88
1605,0.875	0.5033215470183741	94.5	94.76
1606,0.8756410256410256	0.49388643808288196	94.51	94.76
1607,0.8762820512820513	0.4995400784198701	94.56	94.76
1608,0.8769230769230769	0.47473076464865127	94.61	94.89
1609,0.8775641025641026	0.47698384484085704	94.66	94.87
1610,0.8782051282051282	0.4717385707198282	94.79	94.94
1611,0.8788461538461538	0.4694983186696679	94.86	95.01
1612,0.8794871794871795	0.46088302627866773	94.97	95.12
1613,0.8801282051282051	0.45536263604942184	95.11	95.19
1614,0.8807692307692307	0.4531417589291149	95.08	95.23
1615,0.8814102564102564	0.4502087710604511	95.14	95.22
1616,0.882051282051282	0.46133601680338315	95.05	95.18
1617,0.8826923076923077	0.4606911619248647	95.06	95.17
1618,0.8833333333333333	0.4621957922742031	94.96	95.06
1619,0.8839743589743589	0.4641700441528534	94.96	95.06
1620,0.8846153846153846	0.46669110973173517	94.96	95.04
1621,0.8852564102564102	0.47419938786846205	94.89	94.94
1622,0.8858974358974359	0.48243363064137473	94.77	94.86
1623,0.8865384615384615	0.483220586871616	94.77	94.84
1624,0.8871794871794871	0.48153179412466013	94.77	94.84
1625,0.8878205128205128	0.48322326563423806	94.77	94.84
1626,0.8884615384615384	0.4876156690103229	94.72	94.79
1627,0.889102564102564	0.4822700303879129	94.73	94.81
1628,0.8897435897435897	0.45597318648286206	94.98	95.17
1629,0.8903846153846153	0.4407388509422155	95.29	95.4
1630,0.8910256410256411	0.4134564770936936	95.62	95.81
1631,0.8916666666666667	0.434985000764042	95.33	95.46
1632,0.8923076923076924	0.43946005142676503	95.33	95.38
1633,0.892948717948718	0.4648264565874689	95.02	95.09
1634,0.8935897435897436	0.4439992218519099	95.16	95.37
1635,0.8942307692307693	0.44028484994727435	95.17	95.37
1636,0.8948717948717949	0.445491937116784	95.18	95.37
1637,0.8955128205128206	0.4410347608508284	95.19	95.37
1638,0.8961538461538462	0.44550115395604084	95.21	95.37
1639,0.8967948717948718	0.44419490953015567	95.25	95.37
1640,0.8974358974358975	0.4440480199517922	95.31	95.46
1641,0.8980769230769231	0.43439683937611695	95.36	95.52
1642,0.8987179487179487	0.43181205649335286	95.43	95.52
1643,0.8993589743589744	0.4049047334699934	95.76	95.92
1644,0.9	0.41826381984395944	95.57	95.72
1645,0.9006410256410257	0.41389439806708717	95.65	95.92
1646,0.9012820512820513	0.4035916333655286	95.68	95.87
1647,0.9019230769230769	0.4028749683996853	95.81	95.92
1648,0.9025641025641026	0.39920601555527047	95.87	95.94
1649,0.9032051282051282	0.38830706221416955	96.03	96.11
1650,0.9038461538461539	0.33844314989948704	96.64	96.95
1651,0.9044871794871795	0.33690364080011204	96.67	96.9
1652,0.9051282051282051	0.34743853784430034	96.6	96.79
1653,0.9057692307692308	0.34969364800103664	96.55	96.74
1654,0.9064102564102564	0.34926730959627905	96.54	96.69
1655,0.907051282051282	0.35471152110331683	96.54	96.65
1656,0.9076923076923077	0.3591552644685663	96.47	96.6
1657,0.9083333333333333	0.36209910765323655	96.36	96.46
1658,0.908974358974359	0.3600024900924374	96.41	96.53
1659,0.9096153846153846	0.36364362140791123	96.41	96.5
1660,0.9102564102564102	0.3790583919093985	96.2	96.38
1661,0.9108974358974359	0.3627161417634127	96.37	96.5
1662,0.9115384615384615	0.33562461594922316	96.64	96.83
1663,0.9121794871794872	0.34154738373458493	96.65	96.82
1664,0.9128205128205128	0.3412025670896811	96.66	96.81
1665,0.9134615384615384	0.353396532833336	96.56	96.66
1666,0.9141025641025641	0.3606664246409703	96.45	96.58
1667,0.9147435897435897	0.3672445227657532	96.37	96.49
1668,0.9153846153846154	0.3687329245175226	96.35	96.45
1669,0.916025641025641	0.3665797548058803	96.35	96.44
1670,0.9166666666666666	0.3742610446679256	96.27	96.32
1671,0.9173076923076923	0.3645669512073104	96.3	96.42
1672,0.9179487179487179	0.3587914904851929	96.37	96.5
1673,0.9185897435897435	0.3595250269783852	96.38	96.5
1674,0.9192307692307692	0.3631660625246831	96.38	96.5
1675,0.9198717948717948	0.35824370191379346	96.5	96.59
1676,0.9205128205128205	0.3743831850403964	96.28	96.51
1677,0.9211538461538461	0.39565748747930335	96.0	96.2
1678,0.9217948717948717	0.39716176692556926	95.92	96.0
1679,0.9224358974358975	0.4072273150952983	95.76	95.93
1680,0.9230769230769231	0.38780735961787743	95.92	96.14
1681,0.9237179487179488	0.39038189419810554	96.01	96.12
1682,0.9243589743589744	0.39112153589463283	96.01	96.12
1683,0.925	0.401438528038932	95.82	96.03
1684,0.9256410256410257	0.40549581654546984	95.82	95.98
1685,0.9262820512820513	0.4202671848650779	95.61	95.73
1686,0.926923076923077	0.4108040981371911	95.72	95.8
1687,0.9275641025641026	0.4189268449621233	95.66	95.73
1688,0.9282051282051282	0.4212319246049625	95.6	95.7
1689,0.9288461538461539	0.4360500306828976	95.42	95.46
1690,0.9294871794871795	0.44354983174459917	95.18	95.37
1691,0.9301282051282052	0.4435599504765602	95.27	95.36
1692,0.9307692307692308	0.44250227024592775	95.35	95.4
1693,0.9314102564102564	0.44998079268410346	95.25	95.34
1694,0.9320512820512821	0.4548393421003585	95.21	95.29
1695,0.9326923076923077	0.45934751162506215	95.05	95.25
1696,0.9333333333333333	0.4593622804719734	95.05	95.25
1697,0.933974358974359	0.45936958648143594	95.09	95.24
1698,0.9346153846153846	0.4363997065764105	95.35	95.58
1699,0.9352564102564103	0.44390711076318207	95.32	95.47
1700,0.9358974358974359	0.4358625962793869	95.4	95.47
1701,0.9365384615384615	0.437600197953354	95.42	95.47
1702,0.9371794871794872	0.4396229816192361	95.23	95.33
1703,0.9378205128205128	0.44989756149644167	95.23	95.33
1704,0.9384615384615385	0.45287507774517277	95.24	95.33
1705,0.9391025641025641	0.44398806414918623	95.32	95.39
1706,0.9397435897435897	0.44549954644343925	95.32	95.43
1707,0.9403846153846154	0.4484877913685613	95.29	95.36
1708,0.941025641025641	0.44108286967765226	95.37	95.46
1709,0.9416666666666667	0.4373850609716698	95.4	95.45
1710,0.9423076923076923	0.44707604574028675	95.29	95.43
1711,0.9429487179487179	0.4508137421880359	95.23	95.3
1712,0.9435897435897436	0.4486046237701629	95.24	95.34
1713,0.9442307692307692	0.45307308052107337	95.26	95.4
1714,0.9448717948717948	0.4426885492058294	95.3	95.46
1715,0.9455128205128205	0.43777676644552016	95.31	95.45
1716,0.9461538461538461	0.43777423568465024	95.31	95.45
1717,0.9467948717948718	0.42082227234719044	95.59	95.86
1718,0.9474358974358974	0.4342190278183947	95.4	95.51
1719,0.948076923076923	0.4342311917531859	95.4	95.54
1720,0.9487179487179487	0.4360869141979437	95.43	95.52
1721,0.9493589743589743	0.43516669389206514	95.48	95.51
1722,0.95	0.42929054850357906	95.57	95.71
1723,0.9506410256410256	0.4300539213681497	95.54	95.59
1724,0.9512820512820512	0.42348073269733716	95.55	95.65
1725,0.9519230769230769	0.4245557979450686	95.63	95.71
1726,0.9525641025641025	0.4243150320715066	95.63	95.7
1727,0.9532051282051283	0.4213799021521457	95.64	95.73
1728,0.9538461538461539	0.4300652729812984	95.54	95.62
1729,0.9544871794871795	0.4274721960099913	95.53	95.68
1730,0.9551282051282052	0.4263708034513825	95.57	95.66
1731,0.9557692307692308	0.4183497799490117	95.68	95.77
1732,0.9564102564102565	0.4336106054963274	95.49	95.52
1733,0.9570512820512821	0.43591152245232934	95.32	95.49
1734,0.9576923076923077	0.4481832490149864	95.22	95.43
1735,0.9583333333333334	0.4411388527587073	95.41	95.46
1736,0.958974358974359	0.4393137219763298	95.43	95.46
1737,0.9596153846153846	0.43451797705247275	95.46	95.55
1738,0.9602564102564103	0.4337814896189685	95.46	95.55
1739,0.9608974358974359	0.4315690105545392	95.48	95.55
1740,0.9615384615384616	0.43079160187324306	95.53	95.59
1741,0.9621794871794872	0.4300050870245149	95.54	95.58
1742,0.9628205128205128	0.42522414663444646	95.63	95.64
1743,0.9634615384615385	0.43322576927278134	95.51	95.55
1744,0.9641025641025641	0.44364066345603326	95.26	95.39
1745,0.9647435897435898	0.4525960555639533	95.26	95.36
1746,0.9653846153846154	0.43862734184988383	95.44	95.5
1747,0.966025641025641	0.43929145734812836	95.41	95.45
1748,0.9666666666666667	0.45194854732511774	95.28	95.38
1749,0.9673076923076923	0.4579521339979452	95.19	95.2
1750,0.967948717948718	0.45797743093314336	95.19	95.2
1751,0.9685897435897436	0.45798196083523013	95.19	95.2
1752,0.9692307692307692	0.4715134482446382	95.01	95.13
1753,0.9698717948717949	0.46557511952217406	95.04	95.1
1754,0.9705128205128205	0.46820256694714685	95.06	95.07
1755,0.9711538461538461	0.472330149722431	95.01	95.02
1756,0.9717948717948718	0.4731059591369272	95.0	95.01
1757,0.9724358974358974	0.47090180349967486	95.01	95.12
1758,0.9730769230769231	0.46793063146172426	95.01	95.09
1759,0.9737179487179487	0.47318589540629763	95.0	95.02
1760,0.9743589743589743	0.47172170615538883	95.01	95.03
1761,0.975	0.45831916129390704	95.17	95.26
1762,0.9756410256410256	0.45984289934367684	95.11	95.25
1763,0.9762820512820513	0.46358689943818376	95.09	95.15
1764,0.9769230769230769	0.4651032581799231	95.1	95.16
1765,0.9775641025641025	0.47186283550635877	95.0	95.08
1766,0.9782051282051282	0.47300503970907143	95.0	95.06
1767,0.9788461538461538	0.4413596319438253	95.05	95.09
1768,0.9794871794871794	0.46897660442627237	95.06	95.07
1769,0.9801282051282051	0.4720082791790865	95.01	95.07
1770,0.9807692307692307	0.4727941181857966	95.0	95.01
1771,0.9814102564102564	0.4705664582823315	95.01	95.07
1772,0.982051282051282	0.47355926692554906	95.0	95.03
1773,0.9826923076923076	0.47138664513425416	95.02	95.04
1774,0.9833333333333333	0.4736806113503835	95.0	95.01
1775,0.9839743589743589	0.46921025496063	95.05	95.1
1776,0.9846153846153847	0.4737550156526703	94.95	95.0
1777,0.9852564102564103	0.4818420283940325	94.86	94.93
1778,0.985897435897436	0.4828057145600865	94.87	94.88
1779,0.9865384615384616	0.4835891989778688	94.86	94.89
1780,0.9871794871794872	0.4828657887662992	94.87	94.88
1781,0.9878205128205129	0.4724021279628069	94.98	95.07
1782,0.9884615384615385	0.4687318500167399	95.07	95.16
1783,0.9891025641025641	0.46352274476405114	95.13	95.26
1784,0.9897435897435898	0.45609440119935557	95.24	95.26
1785,0.9903846153846154	0.45539061474078557	95.21	95.25
1786,0.9910256410256411	0.44985104883808663	95.3	95.34
1787,0.9916666666666667	0.4369092984375223	95.47	95.54
1788,0.9923076923076923	0.4414540907760385	95.42	95.48
1789,0.992948717948718	0.4455855477685451	95.37	95.48
1790,0.9935897435897436	0.4393169232939447	95.47	95.54
1791,0.9942307692307693	0.4363858645689662	95.5	95.54
1792,0.9948717948717949	0.43494229296063314	95.52	95.54
1793,0.9955128205128205	0.42611048040263727	95.58	95.72
1794,0.9961538461538462	0.42248221597371327	95.67	95.71
1795,0.9967948717948718	0.4181549439641318	95.68	95.76
1796,0.9974358974358974	0.4182585607096314	95.75	95.76
1797,0.9980769230769231	0.41245351149421156	95.79	95.85
1798,0.9987179487179487	0.4125398049224337	95.85	95.87
1799,0.9993589743589744	0.38852961333061936	96.16	96.2
1800,1.0	0.3830546629851847	96.16	96.2
1801,1.0006410256410256	0.3830546629851847	96.16	96.2
